episode,time,task,fatigue,skill_level,semaphore_state,sampling_rate,robot_active,collision
0,0,rest,28.372535614758423,2,green,5.0,False,False
0,15,hmi_supervision,38.422535614758424,2,orange,2.0,False,False
0,30,material_delivery,52.37253561475843,3,red,0.1,True,False
0,45,packaging,68.42253561475843,4,red,0.1,True,False
1,0,rest,27.89630177412161,2,green,5.0,False,False
1,15,hmi_supervision,37.94630177412161,2,orange,2.0,False,False
1,30,material_delivery,51.89630177412161,3,red,0.1,True,False
1,45,packaging,67.94630177412161,4,red,0.1,True,False
2,0,rest,27.8243849689575,2,green,5.0,False,False
2,15,hmi_supervision,37.8743849689575,2,orange,2.0,False,False
2,30,material_delivery,51.8243849689575,3,red,0.1,True,False
2,45,packaging,67.8743849689575,4,red,0.1,True,False
3,0,rest,27.824397282288114,2,green,5.0,False,False
3,15,hmi_supervision,37.874397282288115,2,orange,2.0,False,False
3,30,material_delivery,51.82439728228812,3,red,0.1,True,False
3,45,packaging,67.87439728228811,4,red,0.1,True,False
4,0,rest,29.184409611630542,2,green,5.0,False,False
4,15,hmi_supervision,39.23440961163054,2,orange,2.0,False,False
4,30,material_delivery,53.18440961163054,3,red,0.1,True,False
4,45,packaging,69.23440961163054,4,red,0.1,True,False
5,0,rest,28.575576046864683,2,green,5.0,False,False
5,15,hmi_supervision,38.62557604686468,2,orange,2.0,False,False
5,30,material_delivery,52.57557604686468,3,red,0.1,True,False
5,45,packaging,68.62557604686468,4,red,0.1,True,False
6,0,rest,27.647894210548785,2,green,5.0,False,False
6,15,hmi_supervision,37.69789421054878,2,orange,2.0,False,False
6,30,material_delivery,51.647894210548785,3,red,0.1,True,False
6,45,packaging,67.69789421054878,4,red,0.1,True,False
7,0,rest,28.406920032689474,2,green,5.0,False,False
7,15,hmi_supervision,38.456920032689474,2,orange,2.0,False,False
7,30,material_delivery,52.40692003268948,3,red,0.1,True,False
7,45,packaging,68.45692003268948,4,red,0.1,True,False
8,0,rest,28.181471703674525,2,green,5.0,False,False
8,15,hmi_supervision,38.23147170367453,2,orange,2.0,False,False
8,30,material_delivery,52.18147170367453,3,red,0.1,True,False
8,45,packaging,68.23147170367453,4,red,0.1,True,False
9,0,rest,26.56503981650665,2,green,5.0,False,False
9,15,hmi_supervision,36.61503981650665,2,orange,2.0,False,False
9,30,material_delivery,50.565039816506655,3,red,0.1,True,False
9,45,packaging,66.61503981650665,4,red,0.1,True,False
10,0,rest,27.24037665974918,2,green,5.0,False,False
10,15,hmi_supervision,37.290376659749185,2,orange,2.0,False,False
10,30,material_delivery,51.24037665974919,3,red,0.1,True,False
10,45,packaging,67.29037665974919,4,red,0.1,True,False
11,0,rest,28.235685499446454,2,green,5.0,False,False
11,15,hmi_supervision,38.28568549944646,2,orange,2.0,False,False
11,30,material_delivery,52.23568549944646,3,red,0.1,True,False
11,45,packaging,68.28568549944646,4,red,0.1,True,False
12,0,rest,29.099236576691165,2,green,5.0,False,False
12,15,hmi_supervision,39.149236576691166,2,orange,2.0,False,False
12,30,material_delivery,53.09923657669117,3,red,0.1,True,False
12,45,packaging,69.14923657669117,4,red,0.1,True,False
13,0,rest,27.8306677746351,2,green,5.0,False,False
13,15,hmi_supervision,37.8806677746351,2,orange,2.0,False,False
13,30,material_delivery,51.8306677746351,3,red,0.1,True,False
13,45,packaging,67.8806677746351,4,red,0.1,True,False
14,0,rest,27.591712956606113,2,green,5.0,False,False
14,15,hmi_supervision,37.64171295660611,2,orange,2.0,False,False
14,30,material_delivery,51.591712956606116,3,red,0.1,True,False
14,45,packaging,67.64171295660611,4,red,0.1,True,False
15,0,rest,28.0831919422824,2,green,5.0,False,False
15,15,hmi_supervision,38.1331919422824,2,orange,2.0,False,False
15,30,material_delivery,52.083191942282404,3,red,0.1,True,False
15,45,packaging,68.13319194228241,4,red,0.1,True,False
16,0,rest,27.549520982560896,2,green,5.0,False,False
16,15,hmi_supervision,37.5995209825609,2,orange,2.0,False,False
16,30,material_delivery,51.5495209825609,3,red,0.1,True,False
16,45,packaging,67.5995209825609,4,red,0.1,True,False
17,0,rest,27.781229687655042,2,green,5.0,False,False
17,15,hmi_supervision,37.83122968765504,2,orange,2.0,False,False
17,30,material_delivery,51.78122968765504,3,red,0.1,True,False
17,45,packaging,67.83122968765504,4,red,0.1,True,False
18,0,rest,27.98987708144655,2,green,5.0,False,False
18,15,hmi_supervision,38.03987708144655,2,orange,2.0,False,False
18,30,material_delivery,51.98987708144655,3,red,0.1,True,False
18,45,packaging,68.03987708144655,4,red,0.1,True,False
19,0,rest,27.206716803283076,2,green,5.0,False,False
19,15,hmi_supervision,37.256716803283076,2,orange,2.0,False,False
19,30,material_delivery,51.20671680328308,3,red,0.1,True,False
19,45,packaging,67.25671680328308,4,red,0.1,True,False
20,0,rest,28.61690868407739,2,green,5.0,False,False
20,15,hmi_supervision,38.66690868407739,2,orange,2.0,False,False
20,30,material_delivery,52.616908684077394,3,red,0.1,True,False
20,45,packaging,68.6669086840774,4,red,0.1,True,False
21,0,rest,27.084367262521734,2,green,5.0,False,False
21,15,hmi_supervision,37.134367262521735,2,orange,2.0,False,False
21,30,material_delivery,51.08436726252174,3,red,0.1,True,False
21,45,packaging,67.13436726252174,4,red,0.1,True,False
22,0,rest,27.003860463326177,2,green,5.0,False,False
22,15,hmi_supervision,37.053860463326174,2,orange,2.0,False,False
22,30,material_delivery,51.00386046332618,3,red,0.1,True,False
22,45,packaging,67.05386046332617,4,red,0.1,True,False
23,0,rest,28.14764592690184,2,green,5.0,False,False
23,15,hmi_supervision,38.19764592690184,2,orange,2.0,False,False
23,30,material_delivery,52.147645926901845,3,red,0.1,True,False
23,45,packaging,68.19764592690184,4,red,0.1,True,False
24,0,rest,28.553849934996556,2,green,5.0,False,False
24,15,hmi_supervision,38.60384993499656,2,orange,2.0,False,False
24,30,material_delivery,52.55384993499656,3,red,0.1,True,False
24,45,packaging,68.60384993499656,4,red,0.1,True,False
25,0,rest,28.128526210892478,2,green,5.0,False,False
25,15,hmi_supervision,38.17852621089248,2,orange,2.0,False,False
25,30,material_delivery,52.12852621089248,3,red,0.1,True,False
25,45,packaging,68.17852621089249,4,red,0.1,True,False
26,0,rest,27.91326378820882,2,green,5.0,False,False
26,15,hmi_supervision,37.96326378820882,2,orange,2.0,False,False
26,30,material_delivery,51.91326378820882,3,red,0.1,True,False
26,45,packaging,67.96326378820882,4,red,0.1,True,False
27,0,rest,27.774172228308032,2,green,5.0,False,False
27,15,hmi_supervision,37.82417222830803,2,orange,2.0,False,False
27,30,material_delivery,51.77417222830803,3,red,0.1,True,False
27,45,packaging,67.82417222830803,4,red,0.1,True,False
28,0,rest,27.654520921780158,2,green,5.0,False,False
28,15,hmi_supervision,37.70452092178016,2,orange,2.0,False,False
28,30,material_delivery,51.65452092178016,3,red,0.1,True,False
28,45,packaging,67.70452092178016,4,red,0.1,True,False
29,0,rest,28.79284166966419,2,green,5.0,False,False
29,15,hmi_supervision,38.84284166966419,2,orange,2.0,False,False
29,30,material_delivery,52.79284166966419,3,red,0.1,True,False
29,45,packaging,68.8428416696642,4,red,0.1,True,False
30,0,rest,28.243062977046097,2,green,5.0,False,False
30,15,hmi_supervision,38.2930629770461,2,orange,2.0,False,False
30,30,material_delivery,52.2430629770461,3,red,0.1,True,False
30,45,packaging,68.2930629770461,4,red,0.1,True,False
31,0,rest,27.71118828968776,2,green,5.0,False,False
31,15,hmi_supervision,37.761188289687766,2,orange,2.0,False,False
31,30,material_delivery,51.71118828968777,3,red,0.1,True,False
31,45,packaging,67.76118828968777,4,red,0.1,True,False
32,0,rest,27.49230849977053,2,green,5.0,False,False
32,15,hmi_supervision,37.54230849977053,2,orange,2.0,False,False
32,30,material_delivery,51.49230849977053,3,red,0.1,True,False
32,45,packaging,67.54230849977053,4,red,0.1,True,True
33,0,rest,28.45875721663065,2,green,5.0,False,False
33,15,hmi_supervision,38.508757216630656,2,orange,2.0,False,False
33,30,material_delivery,52.45875721663066,3,red,0.1,True,False
33,45,packaging,68.50875721663066,4,red,0.1,True,False
34,0,rest,28.773249641871963,2,green,5.0,False,False
34,15,hmi_supervision,38.82324964187197,2,orange,2.0,False,False
34,30,material_delivery,52.77324964187197,3,red,0.1,True,False
34,45,packaging,68.82324964187197,4,red,0.1,True,False
35,0,rest,28.69846008933715,2,green,5.0,False,False
35,15,hmi_supervision,38.74846008933715,2,orange,2.0,False,False
35,30,material_delivery,52.69846008933715,3,red,0.1,True,False
35,45,packaging,68.74846008933716,4,red,0.1,True,False
36,0,rest,27.37058685758302,2,green,5.0,False,False
36,15,hmi_supervision,37.42058685758302,2,orange,2.0,False,False
36,30,material_delivery,51.37058685758302,3,red,0.1,True,False
36,45,packaging,67.42058685758302,4,red,0.1,True,False
37,0,rest,27.76809071811159,2,green,5.0,False,False
37,15,hmi_supervision,37.81809071811159,2,orange,2.0,False,False
37,30,material_delivery,51.768090718111594,3,red,0.1,True,False
37,45,packaging,67.81809071811159,4,red,0.1,True,False
38,0,rest,27.640619321616033,2,green,5.0,False,False
38,15,hmi_supervision,37.69061932161603,2,orange,2.0,False,False
38,30,material_delivery,51.640619321616036,3,red,0.1,True,False
38,45,packaging,67.69061932161604,4,red,0.1,True,False
39,0,rest,27.860755767502138,2,green,5.0,False,False
39,15,hmi_supervision,37.91075576750214,2,orange,2.0,False,False
39,30,material_delivery,51.86075576750214,3,red,0.1,True,False
39,45,packaging,67.91075576750214,4,red,0.1,True,False
40,0,rest,28.609394366795648,2,green,5.0,False,False
40,15,hmi_supervision,38.65939436679565,2,orange,2.0,False,False
40,30,material_delivery,52.609394366795655,3,red,0.1,True,False
40,45,packaging,68.65939436679565,4,red,0.1,True,False
41,0,rest,29.017180021428118,2,green,5.0,False,False
41,15,hmi_supervision,39.067180021428115,2,orange,2.0,False,False
41,30,material_delivery,53.01718002142812,3,red,0.1,True,False
41,45,packaging,69.06718002142811,4,red,0.1,True,False
42,0,rest,28.271227018785726,2,green,5.0,False,False
42,15,hmi_supervision,38.32122701878573,2,orange,2.0,False,False
42,30,material_delivery,52.27122701878573,3,red,0.1,True,False
42,45,packaging,68.32122701878573,4,red,0.1,True,False
43,0,rest,27.516160184046157,2,green,5.0,False,False
43,15,hmi_supervision,37.566160184046154,2,orange,2.0,False,False
43,30,material_delivery,51.51616018404616,3,red,0.1,True,False
43,45,packaging,67.56616018404615,4,red,0.1,True,False
44,0,rest,27.973130470667538,2,green,5.0,False,False
44,15,hmi_supervision,38.02313047066754,2,orange,2.0,False,False
44,30,material_delivery,51.97313047066754,3,red,0.1,True,False
44,45,packaging,68.02313047066754,4,red,0.1,True,False
45,0,rest,29.173482741860504,2,green,5.0,False,False
45,15,hmi_supervision,39.22348274186051,2,orange,2.0,False,False
45,30,material_delivery,53.17348274186051,3,red,0.1,True,False
45,45,packaging,69.22348274186051,4,red,0.1,True,False
46,0,rest,28.06528530117863,2,green,5.0,False,False
46,15,hmi_supervision,38.11528530117863,2,orange,2.0,False,False
46,30,material_delivery,52.06528530117863,3,red,0.1,True,False
46,45,packaging,68.11528530117863,4,red,0.1,True,False
47,0,rest,27.7757444871506,2,green,5.0,False,False
47,15,hmi_supervision,37.8257444871506,2,orange,2.0,False,False
47,30,material_delivery,51.775744487150604,3,red,0.1,True,False
47,45,packaging,67.8257444871506,4,red,0.1,True,False
48,0,rest,27.835246084121867,2,green,5.0,False,False
48,15,hmi_supervision,37.88524608412187,2,orange,2.0,False,False
48,30,material_delivery,51.83524608412187,3,red,0.1,True,False
48,45,packaging,67.88524608412187,4,red,0.1,True,False
49,0,rest,28.267834428633808,2,green,5.0,False,False
49,15,hmi_supervision,38.31783442863381,2,orange,2.0,False,False
49,30,material_delivery,52.26783442863381,3,red,0.1,True,False
49,45,packaging,68.31783442863382,4,red,0.1,True,False
50,0,rest,27.39362979783011,2,green,5.0,False,False
50,15,hmi_supervision,37.44362979783011,2,orange,2.0,False,False
50,30,material_delivery,51.393629797830116,3,red,0.1,True,False
50,45,packaging,67.44362979783011,4,red,0.1,True,False
51,0,rest,27.623682217311597,2,green,5.0,False,False
51,15,hmi_supervision,37.673682217311594,2,orange,2.0,False,False
51,30,material_delivery,51.6236822173116,3,red,0.1,True,False
51,45,packaging,67.6736822173116,4,red,0.1,True,False
52,0,rest,28.686551588276554,2,green,5.0,False,False
52,15,hmi_supervision,38.736551588276555,2,orange,2.0,False,False
52,30,material_delivery,52.68655158827656,3,red,0.1,True,False
52,45,packaging,68.73655158827655,4,red,0.1,True,False
53,0,rest,28.24656333224476,2,green,5.0,False,False
53,15,hmi_supervision,38.29656333224476,2,orange,2.0,False,False
53,30,material_delivery,52.24656333224476,3,red,0.1,True,False
53,45,packaging,68.29656333224476,4,red,0.1,True,False
54,0,rest,28.07280816201103,2,green,5.0,False,False
54,15,hmi_supervision,38.122808162011026,2,orange,2.0,False,False
54,30,material_delivery,52.07280816201103,3,red,0.1,True,False
54,45,packaging,68.12280816201103,4,red,0.1,True,False
55,0,rest,28.726483742899667,2,green,5.0,False,False
55,15,hmi_supervision,38.77648374289967,2,orange,2.0,False,False
55,30,material_delivery,52.726483742899674,3,red,0.1,True,False
55,45,packaging,68.77648374289967,4,red,0.1,True,False
56,0,rest,27.473460179591985,2,green,5.0,False,False
56,15,hmi_supervision,37.523460179591986,2,orange,2.0,False,False
56,30,material_delivery,51.47346017959199,3,red,0.1,True,False
56,45,packaging,67.52346017959199,4,red,0.1,True,False
57,0,rest,27.754253390051673,2,green,5.0,False,False
57,15,hmi_supervision,37.80425339005167,2,orange,2.0,False,False
57,30,material_delivery,51.75425339005167,3,red,0.1,True,False
57,45,packaging,67.80425339005167,4,red,0.1,True,False
58,0,rest,28.22209020779843,2,green,5.0,False,False
58,15,hmi_supervision,38.27209020779843,2,orange,2.0,False,False
58,30,material_delivery,52.22209020779843,3,red,0.1,True,False
58,45,packaging,68.27209020779843,4,red,0.1,True,True
59,0,rest,28.195791454134916,2,green,5.0,False,False
59,15,hmi_supervision,38.24579145413492,2,orange,2.0,False,False
59,30,material_delivery,52.19579145413492,3,red,0.1,True,False
59,45,packaging,68.24579145413492,4,red,0.1,True,False
60,0,rest,26.93847194346219,2,green,5.0,False,False
60,15,hmi_supervision,36.98847194346219,2,orange,2.0,False,False
60,30,material_delivery,50.93847194346219,3,red,0.1,True,False
60,45,packaging,66.98847194346219,4,red,0.1,True,False
61,0,rest,27.684516007925982,2,green,5.0,False,False
61,15,hmi_supervision,37.73451600792598,2,orange,2.0,False,False
61,30,material_delivery,51.684516007925986,3,red,0.1,True,False
61,45,packaging,67.73451600792599,4,red,0.1,True,False
62,0,rest,27.879035716250492,2,green,5.0,False,False
62,15,hmi_supervision,37.929035716250496,2,orange,2.0,False,False
62,30,material_delivery,51.8790357162505,3,red,0.1,True,False
62,45,packaging,67.9290357162505,4,red,0.1,True,False
63,0,rest,28.303038142610905,2,green,5.0,False,False
63,15,hmi_supervision,38.353038142610906,2,orange,2.0,False,False
63,30,material_delivery,52.30303814261091,3,red,0.1,True,False
63,45,packaging,68.35303814261091,4,red,0.1,True,False
64,0,rest,28.193162793042074,2,green,5.0,False,False
64,15,hmi_supervision,38.243162793042075,2,orange,2.0,False,False
64,30,material_delivery,52.19316279304208,3,red,0.1,True,False
64,45,packaging,68.24316279304207,4,red,0.1,True,False
65,0,rest,27.944165563175375,2,green,5.0,False,False
65,15,hmi_supervision,37.99416556317537,2,orange,2.0,False,False
65,30,material_delivery,51.944165563175375,3,red,0.1,True,False
65,45,packaging,67.99416556317537,4,red,0.1,True,False
66,0,rest,26.56092158852572,2,green,5.0,False,False
66,15,hmi_supervision,36.61092158852572,2,orange,2.0,False,False
66,30,material_delivery,50.56092158852572,3,red,0.1,True,False
66,45,packaging,66.61092158852573,4,red,0.1,True,False
67,0,rest,27.980114593413088,2,green,5.0,False,False
67,15,hmi_supervision,38.03011459341309,2,orange,2.0,False,False
67,30,material_delivery,51.98011459341309,3,red,0.1,True,False
67,45,packaging,68.03011459341309,4,red,0.1,True,False
68,0,rest,28.04517265745577,2,green,5.0,False,False
68,15,hmi_supervision,38.09517265745577,2,orange,2.0,False,False
68,30,material_delivery,52.04517265745577,3,red,0.1,True,False
68,45,packaging,68.09517265745578,4,red,0.1,True,False
69,0,rest,29.847431584363964,2,green,5.0,False,False
69,15,hmi_supervision,39.897431584363964,2,orange,2.0,False,False
69,30,material_delivery,53.84743158436397,3,red,0.1,True,False
69,45,packaging,69.89743158436397,4,red,0.1,True,False
70,0,rest,27.85572927641416,2,green,5.0,False,False
70,15,hmi_supervision,37.905729276414164,2,orange,2.0,False,False
70,30,material_delivery,51.855729276414166,3,red,0.1,True,False
70,45,packaging,67.90572927641416,4,red,0.1,True,False
71,0,rest,28.226160506750208,2,green,5.0,False,False
71,15,hmi_supervision,38.27616050675021,2,orange,2.0,False,False
71,30,material_delivery,52.22616050675021,3,red,0.1,True,False
71,45,packaging,68.27616050675022,4,red,0.1,True,False
72,0,rest,28.857117110886264,2,green,5.0,False,False
72,15,hmi_supervision,38.90711711088626,2,orange,2.0,False,False
72,30,material_delivery,52.857117110886264,3,red,0.1,True,False
72,45,packaging,68.90711711088626,4,red,0.1,True,False
73,0,rest,28.56394977451508,2,green,5.0,False,False
73,15,hmi_supervision,38.61394977451508,2,orange,2.0,False,False
73,30,material_delivery,52.56394977451508,3,red,0.1,True,False
73,45,packaging,68.61394977451508,4,red,0.1,True,False
74,0,rest,29.052095733202073,2,green,5.0,False,False
74,15,hmi_supervision,39.10209573320208,2,orange,2.0,False,False
74,30,material_delivery,53.05209573320208,3,red,0.1,True,False
74,45,packaging,69.10209573320208,4,red,0.1,True,False
75,0,rest,26.94861170290579,2,green,5.0,False,False
75,15,hmi_supervision,36.99861170290579,2,orange,2.0,False,False
75,30,material_delivery,50.948611702905794,3,red,0.1,True,False
75,45,packaging,66.99861170290579,4,red,0.1,True,False
76,0,rest,27.257097756151985,2,green,5.0,False,False
76,15,hmi_supervision,37.30709775615199,2,orange,2.0,False,False
76,30,material_delivery,51.25709775615199,3,red,0.1,True,False
76,45,packaging,67.30709775615199,4,red,0.1,True,False
77,0,rest,27.57527670279792,2,green,5.0,False,False
77,15,hmi_supervision,37.62527670279792,2,orange,2.0,False,False
77,30,material_delivery,51.57527670279792,3,red,0.1,True,False
77,45,packaging,67.62527670279792,4,red,0.1,True,False
78,0,rest,26.8370024267004,2,green,5.0,False,False
78,15,hmi_supervision,36.887002426700406,2,orange,2.0,False,False
78,30,material_delivery,50.83700242670041,3,red,0.1,True,False
78,45,packaging,66.8870024267004,4,red,0.1,True,False
79,0,rest,28.05142223110452,2,green,5.0,False,False
79,15,hmi_supervision,38.10142223110452,2,orange,2.0,False,False
79,30,material_delivery,52.051422231104524,3,red,0.1,True,False
79,45,packaging,68.10142223110452,4,red,0.1,True,False
80,0,rest,27.31043182432465,2,green,5.0,False,False
80,15,hmi_supervision,37.36043182432465,2,orange,2.0,False,False
80,30,material_delivery,51.31043182432465,3,red,0.1,True,False
80,45,packaging,67.36043182432465,4,red,0.1,True,False
81,0,rest,29.162450803763154,2,green,5.0,False,False
81,15,hmi_supervision,39.212450803763154,2,orange,2.0,False,False
81,30,material_delivery,53.16245080376316,3,red,0.1,True,False
81,45,packaging,69.21245080376316,4,red,0.1,True,False
82,0,rest,27.412560030747823,2,green,5.0,False,False
82,15,hmi_supervision,37.462560030747824,2,orange,2.0,False,False
82,30,material_delivery,51.41256003074783,3,red,0.1,True,False
82,45,packaging,67.46256003074782,4,red,0.1,True,False
83,0,rest,27.758453862845744,2,green,5.0,False,False
83,15,hmi_supervision,37.808453862845745,2,orange,2.0,False,False
83,30,material_delivery,51.75845386284575,3,red,0.1,True,False
83,45,packaging,67.80845386284575,4,red,0.1,True,False
84,0,rest,28.610137913027252,2,green,5.0,False,False
84,15,hmi_supervision,38.660137913027256,2,orange,2.0,False,False
84,30,material_delivery,52.61013791302726,3,red,0.1,True,False
84,45,packaging,68.66013791302726,4,red,0.1,True,False
85,0,rest,27.076851762674533,2,green,5.0,False,False
85,15,hmi_supervision,37.126851762674534,2,orange,2.0,False,False
85,30,material_delivery,51.076851762674536,3,red,0.1,True,False
85,45,packaging,67.12685176267453,4,red,0.1,True,False
86,0,rest,26.794387574079078,2,green,5.0,False,False
86,15,hmi_supervision,36.84438757407908,2,orange,2.0,False,False
86,30,material_delivery,50.79438757407908,3,red,0.1,True,False
86,45,packaging,66.84438757407908,4,red,0.1,True,False
87,0,rest,28.138475393899228,2,green,5.0,False,False
87,15,hmi_supervision,38.188475393899225,2,orange,2.0,False,False
87,30,material_delivery,52.13847539389923,3,red,0.1,True,False
87,45,packaging,68.18847539389922,4,red,0.1,True,False
88,0,rest,28.194912095686316,2,green,5.0,False,False
88,15,hmi_supervision,38.24491209568632,2,orange,2.0,False,False
88,30,material_delivery,52.19491209568632,3,red,0.1,True,False
88,45,packaging,68.24491209568632,4,red,0.1,True,False
89,0,rest,28.58636715383298,2,green,5.0,False,False
89,15,hmi_supervision,38.63636715383298,2,orange,2.0,False,False
89,30,material_delivery,52.58636715383298,3,red,0.1,True,False
89,45,packaging,68.63636715383298,4,red,0.1,True,False
90,0,rest,28.391456174212674,2,green,5.0,False,False
90,15,hmi_supervision,38.441456174212675,2,orange,2.0,False,False
90,30,material_delivery,52.39145617421268,3,red,0.1,True,False
90,45,packaging,68.44145617421268,4,red,0.1,True,False
91,0,rest,28.22273850492489,2,green,5.0,False,False
91,15,hmi_supervision,38.27273850492489,2,orange,2.0,False,False
91,30,material_delivery,52.22273850492489,3,red,0.1,True,False
91,45,packaging,68.27273850492489,4,red,0.1,True,False
92,0,rest,27.489981458816132,2,green,5.0,False,False
92,15,hmi_supervision,37.53998145881613,2,orange,2.0,False,False
92,30,material_delivery,51.48998145881613,3,red,0.1,True,False
92,45,packaging,67.53998145881613,4,red,0.1,True,False
93,0,rest,28.174190272870753,2,green,5.0,False,False
93,15,hmi_supervision,38.22419027287076,2,orange,2.0,False,False
93,30,material_delivery,52.17419027287076,3,red,0.1,True,False
93,45,packaging,68.22419027287076,4,red,0.1,True,False
94,0,rest,28.21980435497401,2,green,5.0,False,False
94,15,hmi_supervision,38.26980435497401,2,orange,2.0,False,False
94,30,material_delivery,52.219804354974016,3,red,0.1,True,False
94,45,packaging,68.26980435497401,4,red,0.1,True,True
95,0,rest,27.464236436480224,2,green,5.0,False,False
95,15,hmi_supervision,37.514236436480225,2,orange,2.0,False,False
95,30,material_delivery,51.46423643648023,3,red,0.1,True,False
95,45,packaging,67.51423643648023,4,red,0.1,True,False
96,0,rest,29.399330883358566,2,green,5.0,False,False
96,15,hmi_supervision,39.44933088335857,2,orange,2.0,False,False
96,30,material_delivery,53.39933088335857,3,red,0.1,True,False
96,45,packaging,69.44933088335857,4,red,0.1,True,False
97,0,rest,28.355374690683842,2,green,5.0,False,False
97,15,hmi_supervision,38.40537469068384,2,orange,2.0,False,False
97,30,material_delivery,52.355374690683846,3,red,0.1,True,False
97,45,packaging,68.40537469068384,4,red,0.1,True,False
98,0,rest,27.26898874732951,2,green,5.0,False,False
98,15,hmi_supervision,37.31898874732951,2,orange,2.0,False,False
98,30,material_delivery,51.268988747329516,3,red,0.1,True,False
98,45,packaging,67.31898874732951,4,red,0.1,True,False
99,0,rest,28.59031345280684,2,green,5.0,False,False
99,15,hmi_supervision,38.640313452806836,2,orange,2.0,False,False
99,30,material_delivery,52.59031345280684,3,red,0.1,True,False
99,45,packaging,68.64031345280684,4,red,0.1,True,False
100,0,rest,28.722532096933243,2,green,5.0,False,False
100,15,hmi_supervision,38.77253209693325,2,orange,2.0,False,False
100,30,material_delivery,52.72253209693325,3,red,0.1,True,False
100,45,packaging,68.77253209693325,4,red,0.1,True,False
101,0,rest,28.309585695202372,2,green,5.0,False,False
101,15,hmi_supervision,38.35958569520237,2,orange,2.0,False,False
101,30,material_delivery,52.30958569520237,3,red,0.1,True,False
101,45,packaging,68.35958569520237,4,red,0.1,True,False
102,0,rest,27.815958912997846,2,green,5.0,False,False
102,15,hmi_supervision,37.86595891299785,2,orange,2.0,False,False
102,30,material_delivery,51.81595891299785,3,red,0.1,True,False
102,45,packaging,67.86595891299785,4,red,0.1,True,False
103,0,rest,27.43469787673188,2,green,5.0,False,False
103,15,hmi_supervision,37.484697876731886,2,orange,2.0,False,False
103,30,material_delivery,51.43469787673189,3,red,0.1,True,False
103,45,packaging,67.48469787673189,4,red,0.1,True,False
104,0,rest,27.942173717939422,2,green,5.0,False,False
104,15,hmi_supervision,37.99217371793942,2,orange,2.0,False,False
104,30,material_delivery,51.942173717939426,3,red,0.1,True,False
104,45,packaging,67.99217371793942,4,red,0.1,True,False
105,0,rest,28.255863981112483,2,green,5.0,False,False
105,15,hmi_supervision,38.30586398111248,2,orange,2.0,False,False
105,30,material_delivery,52.25586398111248,3,red,0.1,True,False
105,45,packaging,68.30586398111248,4,red,0.1,True,False
106,0,rest,28.00975141890843,2,green,5.0,False,False
106,15,hmi_supervision,38.059751418908434,2,orange,2.0,False,False
106,30,material_delivery,52.00975141890844,3,red,0.1,True,False
106,45,packaging,68.05975141890843,4,red,0.1,True,False
107,0,rest,29.090150557867986,2,green,5.0,False,False
107,15,hmi_supervision,39.14015055786798,2,orange,2.0,False,False
107,30,material_delivery,53.090150557867986,3,red,0.1,True,False
107,45,packaging,69.14015055786798,4,red,0.1,True,False
108,0,rest,28.469250510823755,2,green,5.0,False,False
108,15,hmi_supervision,38.51925051082375,2,orange,2.0,False,False
108,30,material_delivery,52.469250510823755,3,red,0.1,True,False
108,45,packaging,68.51925051082375,4,red,0.1,True,False
109,0,rest,27.357131832687788,2,green,5.0,False,False
109,15,hmi_supervision,37.40713183268779,2,orange,2.0,False,False
109,30,material_delivery,51.35713183268779,3,red,0.1,True,False
109,45,packaging,67.4071318326878,4,red,0.1,True,False
110,0,rest,27.196830626454165,2,green,5.0,False,False
110,15,hmi_supervision,37.24683062645417,2,orange,2.0,False,False
110,30,material_delivery,51.19683062645417,3,red,0.1,True,False
110,45,packaging,67.24683062645417,4,red,0.1,True,False
111,0,rest,28.36185431143239,2,green,5.0,False,False
111,15,hmi_supervision,38.41185431143239,2,orange,2.0,False,False
111,30,material_delivery,52.361854311432396,3,red,0.1,True,False
111,45,packaging,68.41185431143239,4,red,0.1,True,False
112,0,rest,27.832402911005612,2,green,5.0,False,False
112,15,hmi_supervision,37.88240291100561,2,orange,2.0,False,False
112,30,material_delivery,51.832402911005616,3,red,0.1,True,False
112,45,packaging,67.88240291100561,4,red,0.1,True,False
113,0,rest,28.535500370569068,2,green,5.0,False,False
113,15,hmi_supervision,38.585500370569065,2,orange,2.0,False,False
113,30,material_delivery,52.53550037056907,3,red,0.1,True,False
113,45,packaging,68.58550037056906,4,red,0.1,True,False
114,0,rest,28.35492821843016,2,green,5.0,False,False
114,15,hmi_supervision,38.40492821843016,2,orange,2.0,False,False
114,30,material_delivery,52.35492821843016,3,red,0.1,True,False
114,45,packaging,68.40492821843016,4,red,0.1,True,False
115,0,rest,27.945378315507345,2,green,5.0,False,False
115,15,hmi_supervision,37.995378315507345,2,orange,2.0,False,False
115,30,material_delivery,51.94537831550735,3,red,0.1,True,False
115,45,packaging,67.99537831550735,4,red,0.1,True,False
116,0,rest,27.364904711448695,2,green,5.0,False,False
116,15,hmi_supervision,37.4149047114487,2,orange,2.0,False,False
116,30,material_delivery,51.3649047114487,3,red,0.1,True,False
116,45,packaging,67.4149047114487,4,red,0.1,True,False
117,0,rest,26.8638645814856,2,green,5.0,False,False
117,15,hmi_supervision,36.9138645814856,2,orange,2.0,False,False
117,30,material_delivery,50.8638645814856,3,red,0.1,True,False
117,45,packaging,66.9138645814856,4,red,0.1,True,False
118,0,rest,28.160570308097654,2,green,5.0,False,False
118,15,hmi_supervision,38.21057030809766,2,orange,2.0,False,False
118,30,material_delivery,52.16057030809766,3,red,0.1,True,False
118,45,packaging,68.21057030809766,4,red,0.1,True,False
119,0,rest,27.06569591596601,2,green,5.0,False,False
119,15,hmi_supervision,37.115695915966015,2,orange,2.0,False,False
119,30,material_delivery,51.06569591596602,3,red,0.1,True,False
119,45,packaging,67.11569591596601,4,red,0.1,True,False
120,0,rest,27.33710692284915,2,green,5.0,False,False
120,15,hmi_supervision,37.38710692284915,2,orange,2.0,False,False
120,30,material_delivery,51.33710692284915,3,red,0.1,True,False
120,45,packaging,67.38710692284916,4,red,0.1,True,False
121,0,rest,28.115293829459144,2,green,5.0,False,False
121,15,hmi_supervision,38.165293829459145,2,orange,2.0,False,False
121,30,material_delivery,52.11529382945915,3,red,0.1,True,False
121,45,packaging,68.16529382945915,4,red,0.1,True,False
122,0,rest,28.0436565388345,2,green,5.0,False,False
122,15,hmi_supervision,38.0936565388345,2,orange,2.0,False,False
122,30,material_delivery,52.043656538834504,3,red,0.1,True,False
122,45,packaging,68.09365653883451,4,red,0.1,True,False
123,0,rest,27.14277227662703,2,green,5.0,False,False
123,15,hmi_supervision,37.19277227662703,2,orange,2.0,False,False
123,30,material_delivery,51.142772276627035,3,red,0.1,True,False
123,45,packaging,67.19277227662704,4,red,0.1,True,False
124,0,rest,28.812288432381457,2,green,5.0,False,False
124,15,hmi_supervision,38.86228843238146,2,orange,2.0,False,False
124,30,material_delivery,52.812288432381465,3,red,0.1,True,False
124,45,packaging,68.86228843238146,4,red,0.1,True,False
125,0,rest,28.790351539026176,2,green,5.0,False,False
125,15,hmi_supervision,38.84035153902617,2,orange,2.0,False,False
125,30,material_delivery,52.790351539026176,3,red,0.1,True,False
125,45,packaging,68.84035153902617,4,red,0.1,True,False
126,0,rest,28.386276450406495,2,green,5.0,False,False
126,15,hmi_supervision,38.436276450406496,2,orange,2.0,False,False
126,30,material_delivery,52.3862764504065,3,red,0.1,True,False
126,45,packaging,68.4362764504065,4,red,0.1,True,False
127,0,rest,28.385339463184156,2,green,5.0,False,False
127,15,hmi_supervision,38.43533946318416,2,orange,2.0,False,False
127,30,material_delivery,52.38533946318416,3,red,0.1,True,False
127,45,packaging,68.43533946318416,4,red,0.1,True,False
128,0,rest,28.386285764729536,2,green,5.0,False,False
128,15,hmi_supervision,38.43628576472953,2,orange,2.0,False,False
128,30,material_delivery,52.386285764729536,3,red,0.1,True,False
128,45,packaging,68.43628576472953,4,red,0.1,True,False
129,0,rest,30.88954861799104,2,orange,2.0,False,False
129,15,hmi_supervision,40.939548617991036,2,red,0.1,True,False
129,30,material_delivery,54.88954861799104,3,red,0.1,True,False
129,45,packaging,70.93954861799104,4,red,0.1,True,False
130,0,rest,28.7155013226199,2,green,5.0,False,False
130,15,hmi_supervision,38.7655013226199,2,orange,2.0,False,False
130,30,material_delivery,52.7155013226199,3,red,0.1,True,False
130,45,packaging,68.7655013226199,4,red,0.1,True,False
131,0,rest,28.488543438479347,2,green,5.0,False,False
131,15,hmi_supervision,38.53854343847935,2,orange,2.0,False,False
131,30,material_delivery,52.488543438479354,3,red,0.1,True,False
131,45,packaging,68.53854343847935,4,red,0.1,True,False
132,0,rest,27.42038108909682,2,green,5.0,False,False
132,15,hmi_supervision,37.47038108909682,2,orange,2.0,False,False
132,30,material_delivery,51.42038108909682,3,red,0.1,True,False
132,45,packaging,67.47038108909682,4,red,0.1,True,False
133,0,rest,27.82238604494499,2,green,5.0,False,False
133,15,hmi_supervision,37.87238604494499,2,orange,2.0,False,False
133,30,material_delivery,51.82238604494499,3,red,0.1,True,False
133,45,packaging,67.87238604494499,4,red,0.1,True,False
134,0,rest,29.735993925005133,2,green,5.0,False,False
134,15,hmi_supervision,39.78599392500513,2,orange,2.0,False,False
134,30,material_delivery,53.73599392500513,3,red,0.1,True,False
134,45,packaging,69.78599392500513,4,red,0.1,True,False
135,0,rest,26.599551105556188,2,green,5.0,False,False
135,15,hmi_supervision,36.649551105556185,2,orange,2.0,False,False
135,30,material_delivery,50.59955110555619,3,red,0.1,True,False
135,45,packaging,66.64955110555618,4,red,0.1,True,False
136,0,rest,27.646051100657925,2,green,5.0,False,False
136,15,hmi_supervision,37.696051100657925,2,orange,2.0,False,False
136,30,material_delivery,51.64605110065793,3,red,0.1,True,False
136,45,packaging,67.69605110065793,4,red,0.1,True,False
137,0,rest,28.816712947725524,2,green,5.0,False,False
137,15,hmi_supervision,38.866712947725524,2,orange,2.0,False,False
137,30,material_delivery,52.81671294772553,3,red,0.1,True,False
137,45,packaging,68.86671294772553,4,red,0.1,True,False
138,0,rest,27.463522218055022,2,green,5.0,False,False
138,15,hmi_supervision,37.51352221805502,2,orange,2.0,False,False
138,30,material_delivery,51.463522218055026,3,red,0.1,True,False
138,45,packaging,67.51352221805503,4,red,0.1,True,False
139,0,rest,28.50969831170101,2,green,5.0,False,False
139,15,hmi_supervision,38.55969831170101,2,orange,2.0,False,False
139,30,material_delivery,52.509698311701015,3,red,0.1,True,False
139,45,packaging,68.55969831170101,4,red,0.1,True,False
140,0,rest,28.03417887992786,2,green,5.0,False,False
140,15,hmi_supervision,38.08417887992786,2,orange,2.0,False,False
140,30,material_delivery,52.034178879927865,3,red,0.1,True,False
140,45,packaging,68.08417887992786,4,red,0.1,True,False
141,0,rest,27.511299739295637,2,green,5.0,False,False
141,15,hmi_supervision,37.561299739295634,2,orange,2.0,False,False
141,30,material_delivery,51.51129973929564,3,red,0.1,True,False
141,45,packaging,67.56129973929563,4,red,0.1,True,False
142,0,rest,26.481143060006794,2,green,5.0,False,False
142,15,hmi_supervision,36.5311430600068,2,orange,2.0,False,False
142,30,material_delivery,50.4811430600068,3,red,0.1,True,False
142,45,packaging,66.5311430600068,4,red,0.1,True,False
143,0,rest,28.13984073607707,2,green,5.0,False,False
143,15,hmi_supervision,38.18984073607707,2,orange,2.0,False,False
143,30,material_delivery,52.139840736077076,3,red,0.1,True,False
143,45,packaging,68.18984073607707,4,red,0.1,True,False
144,0,rest,27.405609446175475,2,green,5.0,False,False
144,15,hmi_supervision,37.45560944617547,2,orange,2.0,False,False
144,30,material_delivery,51.405609446175475,3,red,0.1,True,False
144,45,packaging,67.45560944617547,4,red,0.1,True,False
145,0,rest,27.913947668899826,2,green,5.0,False,False
145,15,hmi_supervision,37.96394766889983,2,orange,2.0,False,False
145,30,material_delivery,51.91394766889983,3,red,0.1,True,False
145,45,packaging,67.96394766889983,4,red,0.1,True,False
146,0,rest,28.378740459235342,2,green,5.0,False,False
146,15,hmi_supervision,38.42874045923534,2,orange,2.0,False,False
146,30,material_delivery,52.378740459235345,3,red,0.1,True,False
146,45,packaging,68.42874045923534,4,red,0.1,True,False
147,0,rest,28.64931639562759,2,green,5.0,False,False
147,15,hmi_supervision,38.69931639562759,2,orange,2.0,False,False
147,30,material_delivery,52.649316395627594,3,red,0.1,True,False
147,45,packaging,68.69931639562759,4,red,0.1,True,False
148,0,rest,27.643791016629283,2,green,5.0,False,False
148,15,hmi_supervision,37.693791016629284,2,orange,2.0,False,False
148,30,material_delivery,51.64379101662929,3,red,0.1,True,False
148,45,packaging,67.69379101662929,4,red,0.1,True,False
149,0,rest,27.510003075569717,2,green,5.0,False,False
149,15,hmi_supervision,37.56000307556972,2,orange,2.0,False,False
149,30,material_delivery,51.51000307556972,3,red,0.1,True,False
149,45,packaging,67.56000307556972,4,red,0.1,True,False
150,0,rest,27.054337034248718,2,green,5.0,False,False
150,15,hmi_supervision,37.104337034248715,2,orange,2.0,False,False
150,30,material_delivery,51.05433703424872,3,red,0.1,True,False
150,45,packaging,67.10433703424872,4,red,0.1,True,False
151,0,rest,28.68839646029108,2,green,5.0,False,False
151,15,hmi_supervision,38.738396460291085,2,orange,2.0,False,False
151,30,material_delivery,52.68839646029109,3,red,0.1,True,False
151,45,packaging,68.73839646029109,4,red,0.1,True,False
152,0,rest,29.591617147759475,2,green,5.0,False,False
152,15,hmi_supervision,39.641617147759476,2,orange,2.0,False,False
152,30,material_delivery,53.59161714775948,3,red,0.1,True,False
152,45,packaging,69.64161714775948,4,red,0.1,True,False
153,0,rest,28.77434894541336,2,green,5.0,False,False
153,15,hmi_supervision,38.82434894541336,2,orange,2.0,False,False
153,30,material_delivery,52.774348945413365,3,red,0.1,True,False
153,45,packaging,68.82434894541336,4,red,0.1,True,False
154,0,rest,28.950183361889966,2,green,5.0,False,False
154,15,hmi_supervision,39.00018336188997,2,orange,2.0,False,False
154,30,material_delivery,52.95018336188997,3,red,0.1,True,False
154,45,packaging,69.00018336188997,4,red,0.1,True,False
155,0,rest,27.469247900785916,2,green,5.0,False,False
155,15,hmi_supervision,37.51924790078591,2,orange,2.0,False,False
155,30,material_delivery,51.469247900785916,3,red,0.1,True,False
155,45,packaging,67.51924790078591,4,red,0.1,True,False
156,0,rest,28.33286457110967,2,green,5.0,False,False
156,15,hmi_supervision,38.38286457110967,2,orange,2.0,False,False
156,30,material_delivery,52.332864571109674,3,red,0.1,True,False
156,45,packaging,68.38286457110968,4,red,0.1,True,False
157,0,rest,28.580975540072004,2,green,5.0,False,False
157,15,hmi_supervision,38.630975540072,2,orange,2.0,False,False
157,30,material_delivery,52.580975540072004,3,red,0.1,True,False
157,45,packaging,68.630975540072,4,red,0.1,True,False
158,0,rest,25.569049494948196,2,green,5.0,False,False
158,15,hmi_supervision,35.6190494949482,2,orange,2.0,False,False
158,30,material_delivery,49.5690494949482,3,red,0.1,True,False
158,45,packaging,65.6190494949482,4,red,0.1,True,False
159,0,rest,27.231709268999282,2,green,5.0,False,False
159,15,hmi_supervision,37.28170926899928,2,orange,2.0,False,False
159,30,material_delivery,51.23170926899928,3,red,0.1,True,False
159,45,packaging,67.28170926899928,4,red,0.1,True,False
160,0,rest,29.224308477948725,2,green,5.0,False,False
160,15,hmi_supervision,39.27430847794872,2,orange,2.0,False,False
160,30,material_delivery,53.224308477948725,3,red,0.1,True,False
160,45,packaging,69.27430847794872,4,red,0.1,True,False
161,0,rest,26.927393966529525,2,green,5.0,False,False
161,15,hmi_supervision,36.977393966529526,2,orange,2.0,False,False
161,30,material_delivery,50.92739396652953,3,red,0.1,True,False
161,45,packaging,66.97739396652953,4,red,0.1,True,False
162,0,rest,29.080954966799588,2,green,5.0,False,False
162,15,hmi_supervision,39.13095496679959,2,orange,2.0,False,False
162,30,material_delivery,53.080954966799595,3,red,0.1,True,False
162,45,packaging,69.13095496679959,4,red,0.1,True,False
163,0,rest,26.92310338661542,2,green,5.0,False,False
163,15,hmi_supervision,36.97310338661542,2,orange,2.0,False,False
163,30,material_delivery,50.92310338661542,3,red,0.1,True,False
163,45,packaging,66.97310338661542,4,red,0.1,True,False
164,0,rest,27.263868511714037,2,green,5.0,False,False
164,15,hmi_supervision,37.313868511714034,2,orange,2.0,False,False
164,30,material_delivery,51.26386851171404,3,red,0.1,True,False
164,45,packaging,67.31386851171403,4,red,0.1,True,False
165,0,rest,28.346577605697455,2,green,5.0,False,False
165,15,hmi_supervision,38.39657760569746,2,orange,2.0,False,False
165,30,material_delivery,52.34657760569746,3,red,0.1,True,False
165,45,packaging,68.39657760569746,4,red,0.1,True,False
166,0,rest,28.052351563742516,2,green,5.0,False,False
166,15,hmi_supervision,38.102351563742516,2,orange,2.0,False,False
166,30,material_delivery,52.05235156374252,3,red,0.1,True,False
166,45,packaging,68.10235156374252,4,red,0.1,True,False
167,0,rest,27.71101480235368,2,green,5.0,False,False
167,15,hmi_supervision,37.761014802353685,2,orange,2.0,False,False
167,30,material_delivery,51.71101480235369,3,red,0.1,True,False
167,45,packaging,67.76101480235369,4,red,0.1,True,False
168,0,rest,29.189512612109013,2,green,5.0,False,False
168,15,hmi_supervision,39.23951261210901,2,orange,2.0,False,False
168,30,material_delivery,53.18951261210901,3,red,0.1,True,False
168,45,packaging,69.23951261210901,4,red,0.1,True,False
169,0,rest,27.071638375879864,2,green,5.0,False,False
169,15,hmi_supervision,37.12163837587987,2,orange,2.0,False,False
169,30,material_delivery,51.07163837587987,3,red,0.1,True,False
169,45,packaging,67.12163837587987,4,red,0.1,True,False
170,0,rest,27.886161178723313,2,green,5.0,False,False
170,15,hmi_supervision,37.93616117872331,2,orange,2.0,False,False
170,30,material_delivery,51.88616117872331,3,red,0.1,True,False
170,45,packaging,67.93616117872331,4,red,0.1,True,False
171,0,rest,28.44123790486343,2,green,5.0,False,False
171,15,hmi_supervision,38.49123790486343,2,orange,2.0,False,False
171,30,material_delivery,52.441237904863435,3,red,0.1,True,False
171,45,packaging,68.49123790486344,4,red,0.1,True,False
172,0,rest,28.210743900801276,2,green,5.0,False,False
172,15,hmi_supervision,38.26074390080127,2,orange,2.0,False,False
172,30,material_delivery,52.210743900801276,3,red,0.1,True,False
172,45,packaging,68.26074390080127,4,red,0.1,True,False
173,0,rest,27.532975360134554,2,green,5.0,False,False
173,15,hmi_supervision,37.582975360134554,2,orange,2.0,False,False
173,30,material_delivery,51.53297536013456,3,red,0.1,True,False
173,45,packaging,67.58297536013455,4,red,0.1,True,False
174,0,rest,27.55797643229184,2,green,5.0,False,False
174,15,hmi_supervision,37.60797643229184,2,orange,2.0,False,False
174,30,material_delivery,51.557976432291845,3,red,0.1,True,False
174,45,packaging,67.60797643229185,4,red,0.1,True,False
175,0,rest,28.63720157276577,2,green,5.0,False,False
175,15,hmi_supervision,38.68720157276577,2,orange,2.0,False,False
175,30,material_delivery,52.637201572765775,3,red,0.1,True,False
175,45,packaging,68.68720157276577,4,red,0.1,True,False
176,0,rest,28.674699906574936,2,green,5.0,False,False
176,15,hmi_supervision,38.72469990657494,2,orange,2.0,False,False
176,30,material_delivery,52.67469990657494,3,red,0.1,True,False
176,45,packaging,68.72469990657494,4,red,0.1,True,False
177,0,rest,28.23047464065746,2,green,5.0,False,False
177,15,hmi_supervision,38.28047464065746,2,orange,2.0,False,False
177,30,material_delivery,52.23047464065746,3,red,0.1,True,False
177,45,packaging,68.28047464065746,4,red,0.1,True,False
178,0,rest,27.378253741808447,2,green,5.0,False,False
178,15,hmi_supervision,37.42825374180845,2,orange,2.0,False,False
178,30,material_delivery,51.37825374180845,3,red,0.1,True,False
178,45,packaging,67.42825374180845,4,red,0.1,True,False
179,0,rest,27.579864219852272,2,green,5.0,False,False
179,15,hmi_supervision,37.62986421985227,2,orange,2.0,False,False
179,30,material_delivery,51.579864219852276,3,red,0.1,True,False
179,45,packaging,67.62986421985228,4,red,0.1,True,False
180,0,rest,27.984323804526888,2,green,5.0,False,False
180,15,hmi_supervision,38.03432380452689,2,orange,2.0,False,False
180,30,material_delivery,51.984323804526895,3,red,0.1,True,False
180,45,packaging,68.03432380452689,4,red,0.1,True,False
181,0,rest,28.087995537481586,2,green,5.0,False,False
181,15,hmi_supervision,38.137995537481586,2,orange,2.0,False,False
181,30,material_delivery,52.08799553748159,3,red,0.1,True,False
181,45,packaging,68.13799553748159,4,red,0.1,True,False
182,0,rest,28.41032303587753,2,green,5.0,False,False
182,15,hmi_supervision,38.46032303587753,2,orange,2.0,False,False
182,30,material_delivery,52.41032303587753,3,red,0.1,True,False
182,45,packaging,68.46032303587754,4,red,0.1,True,False
183,0,rest,27.84835551067458,2,green,5.0,False,False
183,15,hmi_supervision,37.89835551067458,2,orange,2.0,False,False
183,30,material_delivery,51.84835551067458,3,red,0.1,True,False
183,45,packaging,67.89835551067458,4,red,0.1,True,False
184,0,rest,28.61906226174102,2,green,5.0,False,False
184,15,hmi_supervision,38.66906226174102,2,orange,2.0,False,False
184,30,material_delivery,52.61906226174102,3,red,0.1,True,False
184,45,packaging,68.66906226174102,4,red,0.1,True,False
185,0,rest,28.610132227000477,2,green,5.0,False,False
185,15,hmi_supervision,38.660132227000474,2,orange,2.0,False,False
185,30,material_delivery,52.61013222700048,3,red,0.1,True,False
185,45,packaging,68.66013222700047,4,red,0.1,True,False
186,0,rest,28.979109105365747,2,green,5.0,False,False
186,15,hmi_supervision,39.02910910536575,2,orange,2.0,False,False
186,30,material_delivery,52.97910910536575,3,red,0.1,True,False
186,45,packaging,69.02910910536575,4,red,0.1,True,False
187,0,rest,28.015752881224568,2,green,5.0,False,False
187,15,hmi_supervision,38.06575288122457,2,orange,2.0,False,False
187,30,material_delivery,52.01575288122457,3,red,0.1,True,False
187,45,packaging,68.06575288122457,4,red,0.1,True,False
188,0,rest,28.243124764366332,2,green,5.0,False,False
188,15,hmi_supervision,38.29312476436633,2,orange,2.0,False,False
188,30,material_delivery,52.243124764366335,3,red,0.1,True,False
188,45,packaging,68.29312476436634,4,red,0.1,True,False
189,0,rest,27.902392709224237,2,green,5.0,False,False
189,15,hmi_supervision,37.95239270922424,2,orange,2.0,False,False
189,30,material_delivery,51.902392709224245,3,red,0.1,True,False
189,45,packaging,67.95239270922424,4,red,0.1,True,False
190,0,rest,27.386334487574896,2,green,5.0,False,False
190,15,hmi_supervision,37.4363344875749,2,orange,2.0,False,False
190,30,material_delivery,51.3863344875749,3,red,0.1,True,False
190,45,packaging,67.4363344875749,4,red,0.1,True,False
191,0,rest,29.569290456764094,2,green,5.0,False,False
191,15,hmi_supervision,39.61929045676409,2,orange,2.0,False,False
191,30,material_delivery,53.569290456764094,3,red,0.1,True,False
191,45,packaging,69.61929045676409,4,red,0.1,True,False
192,0,rest,28.86858315512505,2,green,5.0,False,False
192,15,hmi_supervision,38.91858315512505,2,orange,2.0,False,False
192,30,material_delivery,52.86858315512505,3,red,0.1,True,False
192,45,packaging,68.91858315512505,4,red,0.1,True,False
193,0,rest,28.5937470204722,2,green,5.0,False,False
193,15,hmi_supervision,38.643747020472205,2,orange,2.0,False,False
193,30,material_delivery,52.59374702047221,3,red,0.1,True,False
193,45,packaging,68.6437470204722,4,red,0.1,True,False
194,0,rest,27.990814920364816,2,green,5.0,False,False
194,15,hmi_supervision,38.04081492036482,2,orange,2.0,False,False
194,30,material_delivery,51.99081492036482,3,red,0.1,True,False
194,45,packaging,68.04081492036482,4,red,0.1,True,False
195,0,rest,27.327059221385625,2,green,5.0,False,False
195,15,hmi_supervision,37.37705922138562,2,orange,2.0,False,False
195,30,material_delivery,51.327059221385625,3,red,0.1,True,False
195,45,packaging,67.37705922138562,4,red,0.1,True,False
196,0,rest,28.731339800063314,2,green,5.0,False,False
196,15,hmi_supervision,38.781339800063314,2,orange,2.0,False,False
196,30,material_delivery,52.73133980006332,3,red,0.1,True,False
196,45,packaging,68.78133980006332,4,red,0.1,True,False
197,0,rest,27.889706963873397,2,green,5.0,False,False
197,15,hmi_supervision,37.9397069638734,2,orange,2.0,False,False
197,30,material_delivery,51.8897069638734,3,red,0.1,True,False
197,45,packaging,67.9397069638734,4,red,0.1,True,False
198,0,rest,28.309698590706716,2,green,5.0,False,False
198,15,hmi_supervision,38.359698590706714,2,orange,2.0,False,False
198,30,material_delivery,52.30969859070672,3,red,0.1,True,False
198,45,packaging,68.35969859070671,4,red,0.1,True,False
199,0,rest,27.57720658539702,2,green,5.0,False,False
199,15,hmi_supervision,37.62720658539702,2,orange,2.0,False,False
199,30,material_delivery,51.57720658539702,3,red,0.1,True,False
199,45,packaging,67.62720658539702,4,red,0.1,True,False
200,0,rest,28.183724928331543,2,green,5.0,False,False
200,15,hmi_supervision,38.23372492833154,2,orange,2.0,False,False
200,30,material_delivery,52.18372492833154,3,red,0.1,True,False
200,45,packaging,68.23372492833154,4,red,0.1,True,False
201,0,rest,27.619792618471653,2,green,5.0,False,False
201,15,hmi_supervision,37.669792618471654,2,orange,2.0,False,False
201,30,material_delivery,51.61979261847166,3,red,0.1,True,False
201,45,packaging,67.66979261847166,4,red,0.1,True,False
202,0,rest,27.64672127078626,2,green,5.0,False,False
202,15,hmi_supervision,37.696721270786256,2,orange,2.0,False,False
202,30,material_delivery,51.64672127078626,3,red,0.1,True,False
202,45,packaging,67.69672127078626,4,red,0.1,True,False
203,0,rest,28.174037453018226,2,green,5.0,False,False
203,15,hmi_supervision,38.22403745301823,2,orange,2.0,False,False
203,30,material_delivery,52.17403745301823,3,red,0.1,True,False
203,45,packaging,68.22403745301823,4,red,0.1,True,False
204,0,rest,26.913936743877006,2,green,5.0,False,False
204,15,hmi_supervision,36.96393674387701,2,orange,2.0,False,False
204,30,material_delivery,50.91393674387701,3,red,0.1,True,False
204,45,packaging,66.96393674387701,4,red,0.1,True,False
205,0,rest,26.944402169217582,2,green,5.0,False,False
205,15,hmi_supervision,36.99440216921758,2,orange,2.0,False,False
205,30,material_delivery,50.94440216921758,3,red,0.1,True,False
205,45,packaging,66.99440216921758,4,red,0.1,True,False
206,0,rest,27.461166834060673,2,green,5.0,False,False
206,15,hmi_supervision,37.511166834060674,2,orange,2.0,False,False
206,30,material_delivery,51.46116683406068,3,red,0.1,True,False
206,45,packaging,67.51116683406067,4,red,0.1,True,False
207,0,rest,27.839914636216115,2,green,5.0,False,False
207,15,hmi_supervision,37.88991463621612,2,orange,2.0,False,False
207,30,material_delivery,51.83991463621612,3,red,0.1,True,False
207,45,packaging,67.88991463621612,4,red,0.1,True,False
208,0,rest,28.643244717401515,2,green,5.0,False,False
208,15,hmi_supervision,38.69324471740151,2,orange,2.0,False,False
208,30,material_delivery,52.643244717401515,3,red,0.1,True,False
208,45,packaging,68.69324471740151,4,red,0.1,True,False
209,0,rest,27.88004610252743,2,green,5.0,False,False
209,15,hmi_supervision,37.93004610252743,2,orange,2.0,False,False
209,30,material_delivery,51.88004610252743,3,red,0.1,True,False
209,45,packaging,67.93004610252743,4,red,0.1,True,False
210,0,rest,27.98611514800571,2,green,5.0,False,False
210,15,hmi_supervision,38.036115148005706,2,orange,2.0,False,False
210,30,material_delivery,51.98611514800571,3,red,0.1,True,False
210,45,packaging,68.0361151480057,4,red,0.1,True,False
211,0,rest,27.783506020809895,2,green,5.0,False,False
211,15,hmi_supervision,37.83350602080989,2,orange,2.0,False,False
211,30,material_delivery,51.783506020809895,3,red,0.1,True,False
211,45,packaging,67.83350602080989,4,red,0.1,True,False
212,0,rest,28.242038920253567,2,green,5.0,False,False
212,15,hmi_supervision,38.29203892025357,2,orange,2.0,False,False
212,30,material_delivery,52.24203892025357,3,red,0.1,True,False
212,45,packaging,68.29203892025357,4,red,0.1,True,False
213,0,rest,27.379576792335758,2,green,5.0,False,False
213,15,hmi_supervision,37.42957679233576,2,orange,2.0,False,False
213,30,material_delivery,51.37957679233576,3,red,0.1,True,False
213,45,packaging,67.42957679233577,4,red,0.1,True,False
214,0,rest,27.918429888657357,2,green,5.0,False,False
214,15,hmi_supervision,37.968429888657354,2,orange,2.0,False,False
214,30,material_delivery,51.91842988865736,3,red,0.1,True,False
214,45,packaging,67.96842988865735,4,red,0.1,True,False
215,0,rest,28.301283791574207,2,green,5.0,False,False
215,15,hmi_supervision,38.351283791574204,2,orange,2.0,False,False
215,30,material_delivery,52.30128379157421,3,red,0.1,True,False
215,45,packaging,68.3512837915742,4,red,0.1,True,False
216,0,rest,28.168069361357812,2,green,5.0,False,False
216,15,hmi_supervision,38.21806936135781,2,orange,2.0,False,False
216,30,material_delivery,52.168069361357816,3,red,0.1,True,False
216,45,packaging,68.21806936135782,4,red,0.1,True,False
217,0,rest,28.009444300586345,2,green,5.0,False,False
217,15,hmi_supervision,38.05944430058635,2,orange,2.0,False,False
217,30,material_delivery,52.00944430058635,3,red,0.1,True,False
217,45,packaging,68.05944430058635,4,red,0.1,True,False
218,0,rest,28.01838263069421,2,green,5.0,False,False
218,15,hmi_supervision,38.06838263069421,2,orange,2.0,False,False
218,30,material_delivery,52.01838263069421,3,red,0.1,True,False
218,45,packaging,68.06838263069422,4,red,0.1,True,False
219,0,rest,28.37349871843409,2,green,5.0,False,False
219,15,hmi_supervision,38.42349871843409,2,orange,2.0,False,False
219,30,material_delivery,52.37349871843409,3,red,0.1,True,False
219,45,packaging,68.42349871843409,4,red,0.1,True,False
220,0,rest,29.614886843133668,2,green,5.0,False,False
220,15,hmi_supervision,39.66488684313367,2,orange,2.0,False,False
220,30,material_delivery,53.614886843133675,3,red,0.1,True,False
220,45,packaging,69.66488684313367,4,red,0.1,True,False
221,0,rest,27.424489327833964,2,green,5.0,False,False
221,15,hmi_supervision,37.474489327833965,2,orange,2.0,False,False
221,30,material_delivery,51.42448932783397,3,red,0.1,True,False
221,45,packaging,67.47448932783396,4,red,0.1,True,False
222,0,rest,29.642352199913255,2,green,5.0,False,False
222,15,hmi_supervision,39.69235219991326,2,orange,2.0,False,False
222,30,material_delivery,53.64235219991326,3,red,0.1,True,False
222,45,packaging,69.69235219991326,4,red,0.1,True,False
223,0,rest,27.393776285983638,2,green,5.0,False,False
223,15,hmi_supervision,37.44377628598364,2,orange,2.0,False,False
223,30,material_delivery,51.39377628598364,3,red,0.1,True,False
223,45,packaging,67.44377628598365,4,red,0.1,True,False
224,0,rest,26.407078206767643,2,green,5.0,False,False
224,15,hmi_supervision,36.45707820676765,2,orange,2.0,False,False
224,30,material_delivery,50.40707820676765,3,red,0.1,True,False
224,45,packaging,66.45707820676765,4,red,0.1,True,False
225,0,rest,27.60568373373943,2,green,5.0,False,False
225,15,hmi_supervision,37.65568373373943,2,orange,2.0,False,False
225,30,material_delivery,51.60568373373943,3,red,0.1,True,False
225,45,packaging,67.65568373373944,4,red,0.1,True,False
226,0,rest,28.25631698183287,2,green,5.0,False,False
226,15,hmi_supervision,38.30631698183287,2,orange,2.0,False,False
226,30,material_delivery,52.256316981832875,3,red,0.1,True,False
226,45,packaging,68.30631698183288,4,red,0.1,True,False
227,0,rest,29.407128129411916,2,green,5.0,False,False
227,15,hmi_supervision,39.45712812941191,2,orange,2.0,False,False
227,30,material_delivery,53.407128129411916,3,red,0.1,True,False
227,45,packaging,69.45712812941191,4,red,0.1,True,False
228,0,rest,27.32618899648873,2,green,5.0,False,False
228,15,hmi_supervision,37.376188996488736,2,orange,2.0,False,False
228,30,material_delivery,51.32618899648874,3,red,0.1,True,False
228,45,packaging,67.37618899648874,4,red,0.1,True,False
229,0,rest,28.36893937862988,2,green,5.0,False,False
229,15,hmi_supervision,38.41893937862988,2,orange,2.0,False,False
229,30,material_delivery,52.36893937862988,3,red,0.1,True,False
229,45,packaging,68.41893937862989,4,red,0.1,True,False
230,0,rest,27.00982509473452,2,green,5.0,False,False
230,15,hmi_supervision,37.05982509473452,2,orange,2.0,False,False
230,30,material_delivery,51.00982509473452,3,red,0.1,True,False
230,45,packaging,67.05982509473452,4,red,0.1,True,False
231,0,rest,29.373594074390766,2,green,5.0,False,False
231,15,hmi_supervision,39.42359407439076,2,orange,2.0,False,False
231,30,material_delivery,53.373594074390766,3,red,0.1,True,False
231,45,packaging,69.42359407439076,4,red,0.1,True,False
232,0,rest,28.884580090540965,2,green,5.0,False,False
232,15,hmi_supervision,38.93458009054096,2,orange,2.0,False,False
232,30,material_delivery,52.884580090540965,3,red,0.1,True,False
232,45,packaging,68.93458009054096,4,red,0.1,True,False
233,0,rest,27.64811826092147,2,green,5.0,False,False
233,15,hmi_supervision,37.698118260921476,2,orange,2.0,False,False
233,30,material_delivery,51.64811826092148,3,red,0.1,True,False
233,45,packaging,67.69811826092148,4,red,0.1,True,False
234,0,rest,26.715149103181844,2,green,5.0,False,False
234,15,hmi_supervision,36.76514910318184,2,orange,2.0,False,False
234,30,material_delivery,50.715149103181844,3,red,0.1,True,False
234,45,packaging,66.76514910318184,4,red,0.1,True,False
235,0,rest,29.01540428062406,2,green,5.0,False,False
235,15,hmi_supervision,39.065404280624065,2,orange,2.0,False,False
235,30,material_delivery,53.01540428062407,3,red,0.1,True,False
235,45,packaging,69.06540428062407,4,red,0.1,True,False
236,0,rest,27.914095116060537,2,green,5.0,False,False
236,15,hmi_supervision,37.964095116060534,2,orange,2.0,False,False
236,30,material_delivery,51.91409511606054,3,red,0.1,True,False
236,45,packaging,67.96409511606053,4,red,0.1,True,False
237,0,rest,28.928362233980096,2,green,5.0,False,False
237,15,hmi_supervision,38.97836223398009,2,orange,2.0,False,False
237,30,material_delivery,52.928362233980096,3,red,0.1,True,False
237,45,packaging,68.97836223398009,4,red,0.1,True,False
238,0,rest,28.003932774788638,2,green,5.0,False,False
238,15,hmi_supervision,38.053932774788635,2,orange,2.0,False,False
238,30,material_delivery,52.00393277478864,3,red,0.1,True,False
238,45,packaging,68.05393277478863,4,red,0.1,True,False
239,0,rest,28.035235445323558,2,green,5.0,False,False
239,15,hmi_supervision,38.08523544532356,2,orange,2.0,False,False
239,30,material_delivery,52.035235445323565,3,red,0.1,True,False
239,45,packaging,68.08523544532356,4,red,0.1,True,False
240,0,rest,27.662450896390567,2,green,5.0,False,False
240,15,hmi_supervision,37.712450896390564,2,orange,2.0,False,False
240,30,material_delivery,51.66245089639057,3,red,0.1,True,False
240,45,packaging,67.71245089639056,4,red,0.1,True,False
241,0,rest,28.467137449260623,2,green,5.0,False,False
241,15,hmi_supervision,38.51713744926062,2,orange,2.0,False,False
241,30,material_delivery,52.467137449260626,3,red,0.1,True,False
241,45,packaging,68.51713744926063,4,red,0.1,True,False
242,0,rest,28.090221723783923,2,green,5.0,False,False
242,15,hmi_supervision,38.140221723783924,2,orange,2.0,False,False
242,30,material_delivery,52.09022172378393,3,red,0.1,True,False
242,45,packaging,68.14022172378392,4,red,0.1,True,False
243,0,rest,28.385829125544063,2,green,5.0,False,False
243,15,hmi_supervision,38.43582912554406,2,orange,2.0,False,False
243,30,material_delivery,52.38582912554406,3,red,0.1,True,False
243,45,packaging,68.43582912554406,4,red,0.1,True,False
244,0,rest,26.849414371948285,2,green,5.0,False,False
244,15,hmi_supervision,36.89941437194828,2,orange,2.0,False,False
244,30,material_delivery,50.849414371948285,3,red,0.1,True,False
244,45,packaging,66.89941437194828,4,red,0.1,True,False
245,0,rest,28.958257616423882,2,green,5.0,False,False
245,15,hmi_supervision,39.00825761642388,2,orange,2.0,False,False
245,30,material_delivery,52.958257616423886,3,red,0.1,True,False
245,45,packaging,69.00825761642389,4,red,0.1,True,False
246,0,rest,29.163363981641893,2,green,5.0,False,False
246,15,hmi_supervision,39.21336398164189,2,orange,2.0,False,False
246,30,material_delivery,53.16336398164189,3,red,0.1,True,False
246,45,packaging,69.21336398164189,4,red,0.1,True,False
247,0,rest,28.086755975719644,2,green,5.0,False,False
247,15,hmi_supervision,38.136755975719645,2,orange,2.0,False,False
247,30,material_delivery,52.08675597571965,3,red,0.1,True,False
247,45,packaging,68.13675597571965,4,red,0.1,True,False
248,0,rest,29.545560943661492,2,green,5.0,False,False
248,15,hmi_supervision,39.595560943661496,2,orange,2.0,False,False
248,30,material_delivery,53.5455609436615,3,red,0.1,True,False
248,45,packaging,69.5955609436615,4,red,0.1,True,False
249,0,rest,29.316505631832403,2,green,5.0,False,False
249,15,hmi_supervision,39.3665056318324,2,orange,2.0,False,False
249,30,material_delivery,53.316505631832406,3,red,0.1,True,False
249,45,packaging,69.36650563183241,4,red,0.1,True,False
250,0,rest,28.484031962188862,2,green,5.0,False,False
250,15,hmi_supervision,38.53403196218886,2,orange,2.0,False,False
250,30,material_delivery,52.484031962188865,3,red,0.1,True,False
250,45,packaging,68.53403196218886,4,red,0.1,True,False
251,0,rest,29.02647366814926,2,green,5.0,False,False
251,15,hmi_supervision,39.07647366814926,2,orange,2.0,False,False
251,30,material_delivery,53.026473668149265,3,red,0.1,True,False
251,45,packaging,69.07647366814926,4,red,0.1,True,False
252,0,rest,28.79381836513719,2,green,5.0,False,False
252,15,hmi_supervision,38.843818365137196,2,orange,2.0,False,False
252,30,material_delivery,52.7938183651372,3,red,0.1,True,False
252,45,packaging,68.8438183651372,4,red,0.1,True,False
253,0,rest,26.680945385182664,2,green,5.0,False,False
253,15,hmi_supervision,36.730945385182665,2,orange,2.0,False,False
253,30,material_delivery,50.68094538518267,3,red,0.1,True,False
253,45,packaging,66.73094538518266,4,red,0.1,True,False
254,0,rest,27.797944874166582,2,green,5.0,False,False
254,15,hmi_supervision,37.847944874166586,2,orange,2.0,False,False
254,30,material_delivery,51.79794487416659,3,red,0.1,True,False
254,45,packaging,67.84794487416659,4,red,0.1,True,False
255,0,rest,28.53815669184697,2,green,5.0,False,False
255,15,hmi_supervision,38.588156691846976,2,orange,2.0,False,False
255,30,material_delivery,52.53815669184698,3,red,0.1,True,False
255,45,packaging,68.58815669184698,4,red,0.1,True,False
256,0,rest,29.22146165917847,2,green,5.0,False,False
256,15,hmi_supervision,39.27146165917847,2,orange,2.0,False,False
256,30,material_delivery,53.22146165917847,3,red,0.1,True,False
256,45,packaging,69.27146165917847,4,red,0.1,True,False
257,0,rest,26.964923906338832,2,green,5.0,False,False
257,15,hmi_supervision,37.014923906338836,2,orange,2.0,False,False
257,30,material_delivery,50.96492390633884,3,red,0.1,True,False
257,45,packaging,67.01492390633884,4,red,0.1,True,False
258,0,rest,26.722463170483636,2,green,5.0,False,False
258,15,hmi_supervision,36.77246317048363,2,orange,2.0,False,False
258,30,material_delivery,50.722463170483636,3,red,0.1,True,False
258,45,packaging,66.77246317048363,4,red,0.1,True,False
259,0,rest,27.958339225827537,2,green,5.0,False,False
259,15,hmi_supervision,38.00833922582754,2,orange,2.0,False,False
259,30,material_delivery,51.958339225827544,3,red,0.1,True,False
259,45,packaging,68.00833922582754,4,red,0.1,True,False
260,0,rest,26.44941842497009,2,green,5.0,False,False
260,15,hmi_supervision,36.49941842497009,2,orange,2.0,False,False
260,30,material_delivery,50.44941842497009,3,red,0.1,True,False
260,45,packaging,66.49941842497009,4,red,0.1,True,False
261,0,rest,27.93315997036541,2,green,5.0,False,False
261,15,hmi_supervision,37.983159970365406,2,orange,2.0,False,False
261,30,material_delivery,51.93315997036541,3,red,0.1,True,False
261,45,packaging,67.9831599703654,4,red,0.1,True,False
262,0,rest,28.274948684572635,2,green,5.0,False,False
262,15,hmi_supervision,38.32494868457263,2,orange,2.0,False,False
262,30,material_delivery,52.274948684572635,3,red,0.1,True,False
262,45,packaging,68.32494868457263,4,red,0.1,True,False
263,0,rest,27.29509016025448,2,green,5.0,False,False
263,15,hmi_supervision,37.345090160254486,2,orange,2.0,False,False
263,30,material_delivery,51.29509016025449,3,red,0.1,True,False
263,45,packaging,67.34509016025449,4,red,0.1,True,False
264,0,rest,27.952990677045122,2,green,5.0,False,False
264,15,hmi_supervision,38.00299067704512,2,orange,2.0,False,False
264,30,material_delivery,51.95299067704512,3,red,0.1,True,False
264,45,packaging,68.00299067704512,4,red,0.1,True,False
265,0,rest,28.71635674037593,2,green,5.0,False,False
265,15,hmi_supervision,38.766356740375926,2,orange,2.0,False,False
265,30,material_delivery,52.71635674037593,3,red,0.1,True,False
265,45,packaging,68.76635674037593,4,red,0.1,True,False
266,0,rest,27.60230678622067,2,green,5.0,False,False
266,15,hmi_supervision,37.65230678622067,2,orange,2.0,False,False
266,30,material_delivery,51.60230678622067,3,red,0.1,True,False
266,45,packaging,67.65230678622068,4,red,0.1,True,False
267,0,rest,27.405345375803243,2,green,5.0,False,False
267,15,hmi_supervision,37.45534537580325,2,orange,2.0,False,False
267,30,material_delivery,51.40534537580325,3,red,0.1,True,False
267,45,packaging,67.45534537580325,4,red,0.1,True,False
268,0,rest,27.91972723003408,2,green,5.0,False,False
268,15,hmi_supervision,37.96972723003408,2,orange,2.0,False,False
268,30,material_delivery,51.919727230034084,3,red,0.1,True,False
268,45,packaging,67.96972723003408,4,red,0.1,True,False
269,0,rest,27.22356825818547,2,green,5.0,False,False
269,15,hmi_supervision,37.27356825818547,2,orange,2.0,False,False
269,30,material_delivery,51.22356825818547,3,red,0.1,True,False
269,45,packaging,67.27356825818548,4,red,0.1,True,False
270,0,rest,29.473543849687292,2,green,5.0,False,False
270,15,hmi_supervision,39.52354384968729,2,orange,2.0,False,False
270,30,material_delivery,53.473543849687296,3,red,0.1,True,False
270,45,packaging,69.5235438496873,4,red,0.1,True,False
271,0,rest,28.026447663978796,2,green,5.0,False,False
271,15,hmi_supervision,38.0764476639788,2,orange,2.0,False,False
271,30,material_delivery,52.0264476639788,3,red,0.1,True,False
271,45,packaging,68.0764476639788,4,red,0.1,True,False
272,0,rest,27.47520586900556,2,green,5.0,False,False
272,15,hmi_supervision,37.52520586900556,2,orange,2.0,False,False
272,30,material_delivery,51.47520586900556,3,red,0.1,True,False
272,45,packaging,67.52520586900556,4,red,0.1,True,False
273,0,rest,28.160484933050668,2,green,5.0,False,False
273,15,hmi_supervision,38.210484933050665,2,orange,2.0,False,False
273,30,material_delivery,52.16048493305067,3,red,0.1,True,False
273,45,packaging,68.21048493305067,4,red,0.1,True,False
274,0,rest,27.915753962731877,2,green,5.0,False,False
274,15,hmi_supervision,37.96575396273188,2,orange,2.0,False,False
274,30,material_delivery,51.915753962731884,3,red,0.1,True,False
274,45,packaging,67.96575396273188,4,red,0.1,True,False
275,0,rest,27.83427280035008,2,green,5.0,False,False
275,15,hmi_supervision,37.88427280035008,2,orange,2.0,False,False
275,30,material_delivery,51.834272800350085,3,red,0.1,True,False
275,45,packaging,67.88427280035009,4,red,0.1,True,False
276,0,rest,27.602124139292105,2,green,5.0,False,False
276,15,hmi_supervision,37.652124139292106,2,orange,2.0,False,False
276,30,material_delivery,51.60212413929211,3,red,0.1,True,False
276,45,packaging,67.65212413929211,4,red,0.1,True,False
277,0,rest,27.56813631951649,2,green,5.0,False,False
277,15,hmi_supervision,37.618136319516495,2,orange,2.0,False,False
277,30,material_delivery,51.5681363195165,3,red,0.1,True,False
277,45,packaging,67.6181363195165,4,red,0.1,True,False
278,0,rest,26.863606703351085,2,green,5.0,False,False
278,15,hmi_supervision,36.913606703351086,2,orange,2.0,False,False
278,30,material_delivery,50.86360670335109,3,red,0.1,True,False
278,45,packaging,66.91360670335109,4,red,0.1,True,False
279,0,rest,29.025155700583394,2,green,5.0,False,False
279,15,hmi_supervision,39.075155700583394,2,orange,2.0,False,False
279,30,material_delivery,53.0251557005834,3,red,0.1,True,False
279,45,packaging,69.0751557005834,4,red,0.1,True,False
280,0,rest,28.432417722291824,2,green,5.0,False,False
280,15,hmi_supervision,38.48241772229183,2,orange,2.0,False,False
280,30,material_delivery,52.43241772229183,3,red,0.1,True,False
280,45,packaging,68.48241772229183,4,red,0.1,True,False
281,0,rest,28.23343761590765,2,green,5.0,False,False
281,15,hmi_supervision,38.28343761590765,2,orange,2.0,False,False
281,30,material_delivery,52.233437615907654,3,red,0.1,True,False
281,45,packaging,68.28343761590766,4,red,0.1,True,False
282,0,rest,27.904061806389425,2,green,5.0,False,False
282,15,hmi_supervision,37.954061806389426,2,orange,2.0,False,False
282,30,material_delivery,51.90406180638943,3,red,0.1,True,False
282,45,packaging,67.95406180638943,4,red,0.1,True,False
283,0,rest,27.28334466954968,2,green,5.0,False,False
283,15,hmi_supervision,37.33334466954968,2,orange,2.0,False,False
283,30,material_delivery,51.283344669549685,3,red,0.1,True,False
283,45,packaging,67.33334466954969,4,red,0.1,True,False
284,0,rest,27.432736941036772,2,green,5.0,False,False
284,15,hmi_supervision,37.48273694103678,2,orange,2.0,False,False
284,30,material_delivery,51.43273694103678,3,red,0.1,True,False
284,45,packaging,67.48273694103678,4,red,0.1,True,False
285,0,rest,26.933309717801745,2,green,5.0,False,False
285,15,hmi_supervision,36.983309717801745,2,orange,2.0,False,False
285,30,material_delivery,50.93330971780175,3,red,0.1,True,False
285,45,packaging,66.98330971780175,4,red,0.1,True,False
286,0,rest,27.515070336818106,2,green,5.0,False,False
286,15,hmi_supervision,37.56507033681811,2,orange,2.0,False,False
286,30,material_delivery,51.51507033681811,3,red,0.1,True,False
286,45,packaging,67.56507033681811,4,red,0.1,True,False
287,0,rest,27.188838997289203,2,green,5.0,False,False
287,15,hmi_supervision,37.23883899728921,2,orange,2.0,False,False
287,30,material_delivery,51.18883899728921,3,red,0.1,True,False
287,45,packaging,67.2388389972892,4,red,0.1,True,False
288,0,rest,29.265356226304423,2,green,5.0,False,False
288,15,hmi_supervision,39.315356226304424,2,orange,2.0,False,False
288,30,material_delivery,53.26535622630443,3,red,0.1,True,False
288,45,packaging,69.31535622630443,4,red,0.1,True,False
289,0,rest,28.661229817712087,2,green,5.0,False,False
289,15,hmi_supervision,38.71122981771209,2,orange,2.0,False,False
289,30,material_delivery,52.66122981771209,3,red,0.1,True,False
289,45,packaging,68.7112298177121,4,red,0.1,True,False
290,0,rest,28.058026230735713,2,green,5.0,False,False
290,15,hmi_supervision,38.10802623073572,2,orange,2.0,False,False
290,30,material_delivery,52.05802623073572,3,red,0.1,True,False
290,45,packaging,68.10802623073572,4,red,0.1,True,False
291,0,rest,27.3540368490038,2,green,5.0,False,False
291,15,hmi_supervision,37.4040368490038,2,orange,2.0,False,False
291,30,material_delivery,51.354036849003805,3,red,0.1,True,False
291,45,packaging,67.4040368490038,4,red,0.1,True,False
292,0,rest,27.222065384255156,2,green,5.0,False,False
292,15,hmi_supervision,37.27206538425516,2,orange,2.0,False,False
292,30,material_delivery,51.22206538425516,3,red,0.1,True,False
292,45,packaging,67.27206538425516,4,red,0.1,True,False
293,0,rest,27.857245991437296,2,green,5.0,False,False
293,15,hmi_supervision,37.90724599143729,2,orange,2.0,False,False
293,30,material_delivery,51.857245991437296,3,red,0.1,True,False
293,45,packaging,67.90724599143729,4,red,0.1,True,False
294,0,rest,28.69463316064873,2,green,5.0,False,False
294,15,hmi_supervision,38.74463316064873,2,orange,2.0,False,False
294,30,material_delivery,52.694633160648735,3,red,0.1,True,False
294,45,packaging,68.74463316064873,4,red,0.1,True,False
295,0,rest,29.4320624803526,2,green,5.0,False,False
295,15,hmi_supervision,39.482062480352596,2,orange,2.0,False,False
295,30,material_delivery,53.4320624803526,3,red,0.1,True,False
295,45,packaging,69.4820624803526,4,red,0.1,True,False
296,0,rest,26.951074319635644,2,green,5.0,False,False
296,15,hmi_supervision,37.00107431963565,2,orange,2.0,False,False
296,30,material_delivery,50.95107431963565,3,red,0.1,True,False
296,45,packaging,67.00107431963565,4,red,0.1,True,False
297,0,rest,28.42222692751793,2,green,5.0,False,False
297,15,hmi_supervision,38.47222692751793,2,orange,2.0,False,False
297,30,material_delivery,52.42222692751793,3,red,0.1,True,False
297,45,packaging,68.47222692751794,4,red,0.1,True,False
298,0,rest,27.51201807315863,2,green,5.0,False,False
298,15,hmi_supervision,37.562018073158626,2,orange,2.0,False,False
298,30,material_delivery,51.51201807315863,3,red,0.1,True,False
298,45,packaging,67.56201807315863,4,red,0.1,True,False
299,0,rest,27.634655962176478,2,green,5.0,False,False
299,15,hmi_supervision,37.68465596217648,2,orange,2.0,False,False
299,30,material_delivery,51.63465596217648,3,red,0.1,True,False
299,45,packaging,67.68465596217648,4,red,0.1,True,False
300,0,rest,28.03639122095862,2,green,5.0,False,False
300,15,hmi_supervision,38.08639122095862,2,orange,2.0,False,False
300,30,material_delivery,52.03639122095862,3,red,0.1,True,False
300,45,packaging,68.08639122095862,4,red,0.1,True,False
301,0,rest,27.376787412691723,2,green,5.0,False,False
301,15,hmi_supervision,37.42678741269172,2,orange,2.0,False,False
301,30,material_delivery,51.376787412691726,3,red,0.1,True,False
301,45,packaging,67.42678741269172,4,red,0.1,True,False
302,0,rest,27.82078896485019,2,green,5.0,False,False
302,15,hmi_supervision,37.87078896485019,2,orange,2.0,False,False
302,30,material_delivery,51.820788964850195,3,red,0.1,True,False
302,45,packaging,67.87078896485019,4,red,0.1,True,False
303,0,rest,27.319327253468803,2,green,5.0,False,False
303,15,hmi_supervision,37.3693272534688,2,orange,2.0,False,False
303,30,material_delivery,51.319327253468806,3,red,0.1,True,False
303,45,packaging,67.36932725346881,4,red,0.1,True,False
304,0,rest,27.56742150207375,2,green,5.0,False,False
304,15,hmi_supervision,37.61742150207375,2,orange,2.0,False,False
304,30,material_delivery,51.567421502073756,3,red,0.1,True,False
304,45,packaging,67.61742150207375,4,red,0.1,True,False
305,0,rest,28.566543419369317,2,green,5.0,False,False
305,15,hmi_supervision,38.61654341936932,2,orange,2.0,False,False
305,30,material_delivery,52.566543419369324,3,red,0.1,True,False
305,45,packaging,68.61654341936932,4,red,0.1,True,False
306,0,rest,28.074499229071918,2,green,5.0,False,False
306,15,hmi_supervision,38.124499229071915,2,orange,2.0,False,False
306,30,material_delivery,52.07449922907192,3,red,0.1,True,False
306,45,packaging,68.12449922907192,4,red,0.1,True,False
307,0,rest,28.563540342528842,2,green,5.0,False,False
307,15,hmi_supervision,38.61354034252884,2,orange,2.0,False,False
307,30,material_delivery,52.563540342528846,3,red,0.1,True,False
307,45,packaging,68.61354034252885,4,red,0.1,True,False
308,0,rest,27.503032180790616,2,green,5.0,False,False
308,15,hmi_supervision,37.553032180790616,2,orange,2.0,False,False
308,30,material_delivery,51.50303218079062,3,red,0.1,True,False
308,45,packaging,67.55303218079062,4,red,0.1,True,False
309,0,rest,28.42794900144487,2,green,5.0,False,False
309,15,hmi_supervision,38.47794900144487,2,orange,2.0,False,False
309,30,material_delivery,52.42794900144487,3,red,0.1,True,False
309,45,packaging,68.47794900144487,4,red,0.1,True,False
310,0,rest,26.779343171587627,2,green,5.0,False,False
310,15,hmi_supervision,36.829343171587624,2,orange,2.0,False,False
310,30,material_delivery,50.77934317158763,3,red,0.1,True,False
310,45,packaging,66.82934317158762,4,red,0.1,True,False
311,0,rest,28.036063709996036,2,green,5.0,False,False
311,15,hmi_supervision,38.08606370999604,2,orange,2.0,False,False
311,30,material_delivery,52.03606370999604,3,red,0.1,True,False
311,45,packaging,68.08606370999604,4,red,0.1,True,False
312,0,rest,28.47894434408303,2,green,5.0,False,False
312,15,hmi_supervision,38.52894434408303,2,orange,2.0,False,False
312,30,material_delivery,52.47894434408303,3,red,0.1,True,False
312,45,packaging,68.52894434408303,4,red,0.1,True,False
313,0,rest,26.75385995329828,2,green,5.0,False,False
313,15,hmi_supervision,36.803859953298286,2,orange,2.0,False,False
313,30,material_delivery,50.75385995329829,3,red,0.1,True,False
313,45,packaging,66.80385995329829,4,red,0.1,True,False
314,0,rest,27.51112291914838,2,green,5.0,False,False
314,15,hmi_supervision,37.56112291914838,2,orange,2.0,False,False
314,30,material_delivery,51.511122919148384,3,red,0.1,True,False
314,45,packaging,67.56112291914839,4,red,0.1,True,False
315,0,rest,28.03554900348731,2,green,5.0,False,False
315,15,hmi_supervision,38.085549003487316,2,orange,2.0,False,False
315,30,material_delivery,52.03554900348732,3,red,0.1,True,False
315,45,packaging,68.08554900348732,4,red,0.1,True,False
316,0,rest,28.75471960691083,2,green,5.0,False,False
316,15,hmi_supervision,38.80471960691083,2,orange,2.0,False,False
316,30,material_delivery,52.75471960691083,3,red,0.1,True,False
316,45,packaging,68.80471960691084,4,red,0.1,True,False
317,0,rest,27.56733109785764,2,green,5.0,False,False
317,15,hmi_supervision,37.617331097857644,2,orange,2.0,False,False
317,30,material_delivery,51.56733109785765,3,red,0.1,True,False
317,45,packaging,67.61733109785764,4,red,0.1,True,False
318,0,rest,28.39735313343646,2,green,5.0,False,False
318,15,hmi_supervision,38.447353133436465,2,orange,2.0,False,False
318,30,material_delivery,52.39735313343647,3,red,0.1,True,False
318,45,packaging,68.44735313343647,4,red,0.1,True,False
319,0,rest,29.081176465493424,2,green,5.0,False,False
319,15,hmi_supervision,39.131176465493425,2,orange,2.0,False,False
319,30,material_delivery,53.08117646549343,3,red,0.1,True,False
319,45,packaging,69.13117646549343,4,red,0.1,True,False
320,0,rest,28.432804095385404,2,green,5.0,False,False
320,15,hmi_supervision,38.482804095385404,2,orange,2.0,False,False
320,30,material_delivery,52.43280409538541,3,red,0.1,True,False
320,45,packaging,68.4828040953854,4,red,0.1,True,False
321,0,rest,27.847715960467756,2,green,5.0,False,False
321,15,hmi_supervision,37.89771596046776,2,orange,2.0,False,False
321,30,material_delivery,51.84771596046776,3,red,0.1,True,False
321,45,packaging,67.89771596046776,4,red,0.1,True,False
322,0,rest,28.278359405028482,2,green,5.0,False,False
322,15,hmi_supervision,38.32835940502848,2,orange,2.0,False,False
322,30,material_delivery,52.27835940502848,3,red,0.1,True,False
322,45,packaging,68.32835940502848,4,red,0.1,True,False
323,0,rest,27.547011109963133,2,green,5.0,False,False
323,15,hmi_supervision,37.597011109963134,2,orange,2.0,False,False
323,30,material_delivery,51.54701110996314,3,red,0.1,True,False
323,45,packaging,67.59701110996313,4,red,0.1,True,False
324,0,rest,28.064942340604674,2,green,5.0,False,False
324,15,hmi_supervision,38.11494234060467,2,orange,2.0,False,False
324,30,material_delivery,52.064942340604674,3,red,0.1,True,False
324,45,packaging,68.11494234060467,4,red,0.1,True,False
325,0,rest,27.88324207345594,2,green,5.0,False,False
325,15,hmi_supervision,37.93324207345594,2,orange,2.0,False,False
325,30,material_delivery,51.883242073455946,3,red,0.1,True,False
325,45,packaging,67.93324207345594,4,red,0.1,True,False
326,0,rest,28.253201996556403,2,green,5.0,False,False
326,15,hmi_supervision,38.3032019965564,2,orange,2.0,False,False
326,30,material_delivery,52.253201996556406,3,red,0.1,True,False
326,45,packaging,68.30320199655641,4,red,0.1,True,False
327,0,rest,27.69109227540815,2,green,5.0,False,False
327,15,hmi_supervision,37.74109227540815,2,orange,2.0,False,False
327,30,material_delivery,51.69109227540815,3,red,0.1,True,False
327,45,packaging,67.74109227540815,4,red,0.1,True,False
328,0,rest,28.295839106783724,2,green,5.0,False,False
328,15,hmi_supervision,38.34583910678373,2,orange,2.0,False,False
328,30,material_delivery,52.29583910678373,3,red,0.1,True,False
328,45,packaging,68.34583910678373,4,red,0.1,True,False
329,0,rest,27.684261639384804,2,green,5.0,False,False
329,15,hmi_supervision,37.734261639384805,2,orange,2.0,False,False
329,30,material_delivery,51.68426163938481,3,red,0.1,True,False
329,45,packaging,67.73426163938481,4,red,0.1,True,False
330,0,rest,28.65334352757377,2,green,5.0,False,False
330,15,hmi_supervision,38.70334352757377,2,orange,2.0,False,False
330,30,material_delivery,52.653343527573774,3,red,0.1,True,False
330,45,packaging,68.70334352757378,4,red,0.1,True,False
331,0,rest,27.755482350874118,2,green,5.0,False,False
331,15,hmi_supervision,37.805482350874115,2,orange,2.0,False,False
331,30,material_delivery,51.75548235087412,3,red,0.1,True,False
331,45,packaging,67.80548235087412,4,red,0.1,True,False
332,0,rest,26.47140659861661,2,green,5.0,False,False
332,15,hmi_supervision,36.52140659861661,2,orange,2.0,False,False
332,30,material_delivery,50.47140659861661,3,red,0.1,True,False
332,45,packaging,66.52140659861661,4,red,0.1,True,False
333,0,rest,27.243935266811945,2,green,5.0,False,False
333,15,hmi_supervision,37.29393526681194,2,orange,2.0,False,False
333,30,material_delivery,51.243935266811945,3,red,0.1,True,False
333,45,packaging,67.29393526681194,4,red,0.1,True,False
334,0,rest,28.013813784392163,2,green,5.0,False,False
334,15,hmi_supervision,38.06381378439217,2,orange,2.0,False,False
334,30,material_delivery,52.01381378439217,3,red,0.1,True,False
334,45,packaging,68.06381378439217,4,red,0.1,True,False
335,0,rest,29.257327984206462,2,green,5.0,False,False
335,15,hmi_supervision,39.30732798420647,2,orange,2.0,False,False
335,30,material_delivery,53.25732798420647,3,red,0.1,True,False
335,45,packaging,69.30732798420647,4,red,0.1,True,False
336,0,rest,28.622054185887617,2,green,5.0,False,False
336,15,hmi_supervision,38.67205418588762,2,orange,2.0,False,False
336,30,material_delivery,52.62205418588762,3,red,0.1,True,False
336,45,packaging,68.67205418588762,4,red,0.1,True,False
337,0,rest,26.341648518244085,2,green,5.0,False,False
337,15,hmi_supervision,36.39164851824408,2,orange,2.0,False,False
337,30,material_delivery,50.341648518244085,3,red,0.1,True,False
337,45,packaging,66.39164851824408,4,red,0.1,True,False
338,0,rest,26.89106031566512,2,green,5.0,False,False
338,15,hmi_supervision,36.94106031566512,2,orange,2.0,False,False
338,30,material_delivery,50.89106031566512,3,red,0.1,True,False
338,45,packaging,66.94106031566513,4,red,0.1,True,False
339,0,rest,28.857815532405198,2,green,5.0,False,False
339,15,hmi_supervision,38.907815532405195,2,orange,2.0,False,False
339,30,material_delivery,52.8578155324052,3,red,0.1,True,False
339,45,packaging,68.9078155324052,4,red,0.1,True,False
340,0,rest,28.474586399579714,2,green,5.0,False,False
340,15,hmi_supervision,38.52458639957972,2,orange,2.0,False,False
340,30,material_delivery,52.47458639957972,3,red,0.1,True,False
340,45,packaging,68.52458639957972,4,red,0.1,True,False
341,0,rest,29.703019643353297,2,green,5.0,False,False
341,15,hmi_supervision,39.7530196433533,2,orange,2.0,False,False
341,30,material_delivery,53.7030196433533,3,red,0.1,True,False
341,45,packaging,69.7530196433533,4,red,0.1,True,False
342,0,rest,27.655479325344817,2,green,5.0,False,False
342,15,hmi_supervision,37.70547932534482,2,orange,2.0,False,False
342,30,material_delivery,51.65547932534482,3,red,0.1,True,False
342,45,packaging,67.70547932534483,4,red,0.1,True,False
343,0,rest,27.362616722901407,2,green,5.0,False,False
343,15,hmi_supervision,37.412616722901404,2,orange,2.0,False,False
343,30,material_delivery,51.36261672290141,3,red,0.1,True,False
343,45,packaging,67.4126167229014,4,red,0.1,True,False
344,0,rest,28.053674677914543,2,green,5.0,False,False
344,15,hmi_supervision,38.10367467791454,2,orange,2.0,False,False
344,30,material_delivery,52.05367467791454,3,red,0.1,True,False
344,45,packaging,68.10367467791454,4,red,0.1,True,False
345,0,rest,27.641756914926162,2,green,5.0,False,False
345,15,hmi_supervision,37.69175691492616,2,orange,2.0,False,False
345,30,material_delivery,51.64175691492616,3,red,0.1,True,False
345,45,packaging,67.69175691492616,4,red,0.1,True,False
346,0,rest,28.778154958193426,2,green,5.0,False,False
346,15,hmi_supervision,38.82815495819342,2,orange,2.0,False,False
346,30,material_delivery,52.778154958193426,3,red,0.1,True,False
346,45,packaging,68.82815495819342,4,red,0.1,True,False
347,0,rest,27.61748770085894,2,green,5.0,False,False
347,15,hmi_supervision,37.66748770085894,2,orange,2.0,False,False
347,30,material_delivery,51.617487700858945,3,red,0.1,True,False
347,45,packaging,67.66748770085894,4,red,0.1,True,False
348,0,rest,27.79759379852997,2,green,5.0,False,False
348,15,hmi_supervision,37.84759379852997,2,orange,2.0,False,False
348,30,material_delivery,51.797593798529974,3,red,0.1,True,False
348,45,packaging,67.84759379852997,4,red,0.1,True,False
349,0,rest,27.26592721316327,2,green,5.0,False,False
349,15,hmi_supervision,37.31592721316327,2,orange,2.0,False,False
349,30,material_delivery,51.26592721316327,3,red,0.1,True,False
349,45,packaging,67.31592721316328,4,red,0.1,True,False
350,0,rest,28.567741462484015,2,green,5.0,False,False
350,15,hmi_supervision,38.61774146248402,2,orange,2.0,False,False
350,30,material_delivery,52.56774146248402,3,red,0.1,True,False
350,45,packaging,68.61774146248402,4,red,0.1,True,False
351,0,rest,27.30837600686678,2,green,5.0,False,False
351,15,hmi_supervision,37.35837600686678,2,orange,2.0,False,False
351,30,material_delivery,51.30837600686678,3,red,0.1,True,False
351,45,packaging,67.35837600686678,4,red,0.1,True,False
352,0,rest,28.310076177417777,2,green,5.0,False,False
352,15,hmi_supervision,38.36007617741778,2,orange,2.0,False,False
352,30,material_delivery,52.310076177417784,3,red,0.1,True,False
352,45,packaging,68.36007617741778,4,red,0.1,True,False
353,0,rest,29.40759685941855,2,green,5.0,False,False
353,15,hmi_supervision,39.45759685941855,2,orange,2.0,False,False
353,30,material_delivery,53.407596859418554,3,red,0.1,True,False
353,45,packaging,69.45759685941856,4,red,0.1,True,False
354,0,rest,26.66595981332179,2,green,5.0,False,False
354,15,hmi_supervision,36.71595981332179,2,orange,2.0,False,False
354,30,material_delivery,50.66595981332179,3,red,0.1,True,False
354,45,packaging,66.71595981332179,4,red,0.1,True,False
355,0,rest,29.122033233616886,2,green,5.0,False,False
355,15,hmi_supervision,39.17203323361689,2,orange,2.0,False,False
355,30,material_delivery,53.12203323361689,3,red,0.1,True,False
355,45,packaging,69.17203323361689,4,red,0.1,True,False
356,0,rest,28.209976469739864,2,green,5.0,False,False
356,15,hmi_supervision,38.25997646973987,2,orange,2.0,False,False
356,30,material_delivery,52.20997646973987,3,red,0.1,True,False
356,45,packaging,68.25997646973987,4,red,0.1,True,False
357,0,rest,27.155883214526217,2,green,5.0,False,False
357,15,hmi_supervision,37.20588321452622,2,orange,2.0,False,False
357,30,material_delivery,51.15588321452622,3,red,0.1,True,False
357,45,packaging,67.20588321452622,4,red,0.1,True,False
358,0,rest,28.082046095953668,2,green,5.0,False,False
358,15,hmi_supervision,38.13204609595367,2,orange,2.0,False,False
358,30,material_delivery,52.08204609595367,3,red,0.1,True,False
358,45,packaging,68.13204609595367,4,red,0.1,True,False
359,0,rest,28.54432496792402,2,green,5.0,False,False
359,15,hmi_supervision,38.594324967924024,2,orange,2.0,False,False
359,30,material_delivery,52.54432496792403,3,red,0.1,True,False
359,45,packaging,68.59432496792402,4,red,0.1,True,False
360,0,rest,27.407144158416017,2,green,5.0,False,False
360,15,hmi_supervision,37.457144158416014,2,orange,2.0,False,False
360,30,material_delivery,51.40714415841602,3,red,0.1,True,False
360,45,packaging,67.45714415841601,4,red,0.1,True,False
361,0,rest,28.353601267851996,2,green,5.0,False,False
361,15,hmi_supervision,38.403601267852,2,orange,2.0,False,False
361,30,material_delivery,52.353601267852,3,red,0.1,True,False
361,45,packaging,68.403601267852,4,red,0.1,True,False
362,0,rest,29.19488996997955,2,green,5.0,False,False
362,15,hmi_supervision,39.24488996997955,2,orange,2.0,False,False
362,30,material_delivery,53.194889969979556,3,red,0.1,True,False
362,45,packaging,69.24488996997955,4,red,0.1,True,False
363,0,rest,27.61658824267661,2,green,5.0,False,False
363,15,hmi_supervision,37.66658824267661,2,orange,2.0,False,False
363,30,material_delivery,51.61658824267661,3,red,0.1,True,False
363,45,packaging,67.66658824267661,4,red,0.1,True,False
364,0,rest,27.257796384806063,2,green,5.0,False,False
364,15,hmi_supervision,37.30779638480607,2,orange,2.0,False,False
364,30,material_delivery,51.25779638480607,3,red,0.1,True,False
364,45,packaging,67.30779638480607,4,red,0.1,True,False
365,0,rest,27.905659809925265,2,green,5.0,False,False
365,15,hmi_supervision,37.955659809925265,2,orange,2.0,False,False
365,30,material_delivery,51.90565980992527,3,red,0.1,True,False
365,45,packaging,67.95565980992527,4,red,0.1,True,False
366,0,rest,28.041793684216522,2,green,5.0,False,False
366,15,hmi_supervision,38.091793684216526,2,orange,2.0,False,False
366,30,material_delivery,52.04179368421653,3,red,0.1,True,False
366,45,packaging,68.09179368421653,4,red,0.1,True,False
367,0,rest,28.820643638853213,2,green,5.0,False,False
367,15,hmi_supervision,38.87064363885321,2,orange,2.0,False,False
367,30,material_delivery,52.82064363885321,3,red,0.1,True,False
367,45,packaging,68.87064363885321,4,red,0.1,True,False
368,0,rest,27.881494076065756,2,green,5.0,False,False
368,15,hmi_supervision,37.93149407606576,2,orange,2.0,False,False
368,30,material_delivery,51.88149407606576,3,red,0.1,True,False
368,45,packaging,67.93149407606576,4,red,0.1,True,False
369,0,rest,27.679839197539437,2,green,5.0,False,False
369,15,hmi_supervision,37.729839197539434,2,orange,2.0,False,False
369,30,material_delivery,51.67983919753944,3,red,0.1,True,False
369,45,packaging,67.72983919753943,4,red,0.1,True,True
370,0,rest,27.240921718554873,2,green,5.0,False,False
370,15,hmi_supervision,37.29092171855487,2,orange,2.0,False,False
370,30,material_delivery,51.24092171855487,3,red,0.1,True,False
370,45,packaging,67.29092171855487,4,red,0.1,True,False
371,0,rest,26.758857496100674,2,green,5.0,False,False
371,15,hmi_supervision,36.80885749610067,2,orange,2.0,False,False
371,30,material_delivery,50.758857496100674,3,red,0.1,True,False
371,45,packaging,66.80885749610067,4,red,0.1,True,False
372,0,rest,27.03252932519421,2,green,5.0,False,False
372,15,hmi_supervision,37.082529325194216,2,orange,2.0,False,False
372,30,material_delivery,51.03252932519422,3,red,0.1,True,False
372,45,packaging,67.08252932519422,4,red,0.1,True,False
373,0,rest,27.028690920952286,2,green,5.0,False,False
373,15,hmi_supervision,37.07869092095228,2,orange,2.0,False,False
373,30,material_delivery,51.028690920952286,3,red,0.1,True,False
373,45,packaging,67.07869092095228,4,red,0.1,True,False
374,0,rest,27.805306486477296,2,green,5.0,False,False
374,15,hmi_supervision,37.855306486477296,2,orange,2.0,False,False
374,30,material_delivery,51.8053064864773,3,red,0.1,True,False
374,45,packaging,67.8553064864773,4,red,0.1,True,False
375,0,rest,26.87264278516142,2,green,5.0,False,False
375,15,hmi_supervision,36.92264278516142,2,orange,2.0,False,False
375,30,material_delivery,50.872642785161425,3,red,0.1,True,False
375,45,packaging,66.92264278516143,4,red,0.1,True,False
376,0,rest,25.97733501779382,2,green,5.0,False,False
376,15,hmi_supervision,36.02733501779382,2,orange,2.0,False,False
376,30,material_delivery,49.97733501779382,3,red,0.1,True,False
376,45,packaging,66.02733501779382,4,red,0.1,True,False
377,0,rest,27.95927885011164,2,green,5.0,False,False
377,15,hmi_supervision,38.00927885011164,2,orange,2.0,False,False
377,30,material_delivery,51.959278850111644,3,red,0.1,True,False
377,45,packaging,68.00927885011164,4,red,0.1,True,False
378,0,rest,29.38671707120901,2,green,5.0,False,False
378,15,hmi_supervision,39.43671707120901,2,orange,2.0,False,False
378,30,material_delivery,53.38671707120901,3,red,0.1,True,False
378,45,packaging,69.43671707120902,4,red,0.1,True,False
379,0,rest,28.84492377216082,2,green,5.0,False,False
379,15,hmi_supervision,38.89492377216082,2,orange,2.0,False,False
379,30,material_delivery,52.844923772160826,3,red,0.1,True,False
379,45,packaging,68.89492377216082,4,red,0.1,True,False
380,0,rest,27.798333482083876,2,green,5.0,False,False
380,15,hmi_supervision,37.84833348208387,2,orange,2.0,False,False
380,30,material_delivery,51.798333482083876,3,red,0.1,True,False
380,45,packaging,67.84833348208387,4,red,0.1,True,False
381,0,rest,27.17010556844375,2,green,5.0,False,False
381,15,hmi_supervision,37.22010556844375,2,orange,2.0,False,False
381,30,material_delivery,51.17010556844375,3,red,0.1,True,False
381,45,packaging,67.22010556844376,4,red,0.1,True,False
382,0,rest,29.930019852437397,2,green,5.0,False,False
382,15,hmi_supervision,39.980019852437394,2,orange,2.0,False,False
382,30,material_delivery,53.9300198524374,3,red,0.1,True,False
382,45,packaging,69.9800198524374,4,red,0.1,True,False
383,0,rest,28.044413825510865,2,green,5.0,False,False
383,15,hmi_supervision,38.09441382551087,2,orange,2.0,False,False
383,30,material_delivery,52.04441382551087,3,red,0.1,True,False
383,45,packaging,68.09441382551087,4,red,0.1,True,False
384,0,rest,28.14856357057589,2,green,5.0,False,False
384,15,hmi_supervision,38.19856357057589,2,orange,2.0,False,False
384,30,material_delivery,52.148563570575895,3,red,0.1,True,False
384,45,packaging,68.1985635705759,4,red,0.1,True,False
385,0,rest,27.891729691057044,2,green,5.0,False,False
385,15,hmi_supervision,37.94172969105705,2,orange,2.0,False,False
385,30,material_delivery,51.89172969105705,3,red,0.1,True,False
385,45,packaging,67.94172969105705,4,red,0.1,True,False
386,0,rest,27.975435047338003,2,green,5.0,False,False
386,15,hmi_supervision,38.02543504733801,2,orange,2.0,False,False
386,30,material_delivery,51.97543504733801,3,red,0.1,True,False
386,45,packaging,68.02543504733801,4,red,0.1,True,False
387,0,rest,27.592431421649675,2,green,5.0,False,False
387,15,hmi_supervision,37.642431421649675,2,orange,2.0,False,False
387,30,material_delivery,51.59243142164968,3,red,0.1,True,False
387,45,packaging,67.64243142164968,4,red,0.1,True,False
388,0,rest,27.80876708693436,2,green,5.0,False,False
388,15,hmi_supervision,37.858767086934364,2,orange,2.0,False,False
388,30,material_delivery,51.80876708693437,3,red,0.1,True,False
388,45,packaging,67.85876708693436,4,red,0.1,True,False
389,0,rest,29.127994741437018,2,green,5.0,False,False
389,15,hmi_supervision,39.17799474143702,2,orange,2.0,False,False
389,30,material_delivery,53.12799474143702,3,red,0.1,True,False
389,45,packaging,69.17799474143702,4,red,0.1,True,False
390,0,rest,28.934563894373223,2,green,5.0,False,False
390,15,hmi_supervision,38.984563894373224,2,orange,2.0,False,False
390,30,material_delivery,52.93456389437323,3,red,0.1,True,False
390,45,packaging,68.98456389437322,4,red,0.1,True,False
391,0,rest,26.44495732569389,2,green,5.0,False,False
391,15,hmi_supervision,36.49495732569389,2,orange,2.0,False,False
391,30,material_delivery,50.44495732569389,3,red,0.1,True,False
391,45,packaging,66.49495732569389,4,red,0.1,True,False
392,0,rest,26.944366228961634,2,green,5.0,False,False
392,15,hmi_supervision,36.99436622896164,2,orange,2.0,False,False
392,30,material_delivery,50.94436622896164,3,red,0.1,True,False
392,45,packaging,66.99436622896164,4,red,0.1,True,False
393,0,rest,27.416637484306843,2,green,5.0,False,False
393,15,hmi_supervision,37.466637484306844,2,orange,2.0,False,False
393,30,material_delivery,51.41663748430685,3,red,0.1,True,False
393,45,packaging,67.46663748430684,4,red,0.1,True,False
394,0,rest,28.701758794860595,2,green,5.0,False,False
394,15,hmi_supervision,38.75175879486059,2,orange,2.0,False,False
394,30,material_delivery,52.701758794860595,3,red,0.1,True,False
394,45,packaging,68.75175879486059,4,red,0.1,True,False
395,0,rest,28.95366632124562,2,green,5.0,False,False
395,15,hmi_supervision,39.00366632124562,2,orange,2.0,False,False
395,30,material_delivery,52.95366632124562,3,red,0.1,True,False
395,45,packaging,69.00366632124562,4,red,0.1,True,False
396,0,rest,28.541254048032428,2,green,5.0,False,False
396,15,hmi_supervision,38.591254048032425,2,orange,2.0,False,False
396,30,material_delivery,52.54125404803243,3,red,0.1,True,False
396,45,packaging,68.59125404803243,4,red,0.1,True,False
397,0,rest,27.153211171587078,2,green,5.0,False,False
397,15,hmi_supervision,37.20321117158708,2,orange,2.0,False,False
397,30,material_delivery,51.15321117158708,3,red,0.1,True,False
397,45,packaging,67.20321117158709,4,red,0.1,True,False
398,0,rest,27.60660980029017,2,green,5.0,False,False
398,15,hmi_supervision,37.65660980029017,2,orange,2.0,False,False
398,30,material_delivery,51.60660980029017,3,red,0.1,True,False
398,45,packaging,67.65660980029017,4,red,0.1,True,False
399,0,rest,28.36703092092094,2,green,5.0,False,False
399,15,hmi_supervision,38.417030920920936,2,orange,2.0,False,False
399,30,material_delivery,52.36703092092094,3,red,0.1,True,False
399,45,packaging,68.41703092092094,4,red,0.1,True,False
400,0,rest,27.8197559513814,2,green,5.0,False,False
400,15,hmi_supervision,37.8697559513814,2,orange,2.0,False,False
400,30,material_delivery,51.8197559513814,3,red,0.1,True,False
400,45,packaging,67.8697559513814,4,red,0.1,True,False
401,0,rest,27.718884394337802,2,green,5.0,False,False
401,15,hmi_supervision,37.7688843943378,2,orange,2.0,False,False
401,30,material_delivery,51.718884394337806,3,red,0.1,True,False
401,45,packaging,67.7688843943378,4,red,0.1,True,False
402,0,rest,27.72927537563569,2,green,5.0,False,False
402,15,hmi_supervision,37.77927537563569,2,orange,2.0,False,False
402,30,material_delivery,51.729275375635694,3,red,0.1,True,False
402,45,packaging,67.77927537563569,4,red,0.1,True,False
403,0,rest,28.869497352523187,2,green,5.0,False,False
403,15,hmi_supervision,38.91949735252319,2,orange,2.0,False,False
403,30,material_delivery,52.86949735252319,3,red,0.1,True,False
403,45,packaging,68.9194973525232,4,red,0.1,True,False
404,0,rest,28.44482594347629,2,green,5.0,False,False
404,15,hmi_supervision,38.494825943476286,2,orange,2.0,False,False
404,30,material_delivery,52.44482594347629,3,red,0.1,True,False
404,45,packaging,68.49482594347629,4,red,0.1,True,False
405,0,rest,27.767840170514507,2,green,5.0,False,False
405,15,hmi_supervision,37.81784017051451,2,orange,2.0,False,False
405,30,material_delivery,51.76784017051451,3,red,0.1,True,False
405,45,packaging,67.81784017051451,4,red,0.1,True,False
406,0,rest,28.24459976668159,2,green,5.0,False,False
406,15,hmi_supervision,38.294599766681586,2,orange,2.0,False,False
406,30,material_delivery,52.24459976668159,3,red,0.1,True,False
406,45,packaging,68.29459976668159,4,red,0.1,True,False
407,0,rest,27.061664817711023,2,green,5.0,False,False
407,15,hmi_supervision,37.11166481771102,2,orange,2.0,False,False
407,30,material_delivery,51.061664817711026,3,red,0.1,True,False
407,45,packaging,67.11166481771103,4,red,0.1,True,False
408,0,rest,27.60795773461072,2,green,5.0,False,False
408,15,hmi_supervision,37.65795773461072,2,orange,2.0,False,False
408,30,material_delivery,51.60795773461072,3,red,0.1,True,False
408,45,packaging,67.65795773461072,4,red,0.1,True,False
409,0,rest,28.786756919377666,2,green,5.0,False,False
409,15,hmi_supervision,38.83675691937766,2,orange,2.0,False,False
409,30,material_delivery,52.786756919377666,3,red,0.1,True,False
409,45,packaging,68.83675691937766,4,red,0.1,True,False
410,0,rest,26.832528119857074,2,green,5.0,False,False
410,15,hmi_supervision,36.88252811985707,2,orange,2.0,False,False
410,30,material_delivery,50.83252811985707,3,red,0.1,True,False
410,45,packaging,66.88252811985707,4,red,0.1,True,False
411,0,rest,28.45450746350923,2,green,5.0,False,False
411,15,hmi_supervision,38.50450746350923,2,orange,2.0,False,False
411,30,material_delivery,52.45450746350923,3,red,0.1,True,False
411,45,packaging,68.50450746350923,4,red,0.1,True,False
412,0,rest,26.43855294408721,2,green,5.0,False,False
412,15,hmi_supervision,36.48855294408721,2,orange,2.0,False,False
412,30,material_delivery,50.43855294408721,3,red,0.1,True,False
412,45,packaging,66.48855294408722,4,red,0.1,True,False
413,0,rest,29.27234227621753,2,green,5.0,False,False
413,15,hmi_supervision,39.322342276217526,2,orange,2.0,False,False
413,30,material_delivery,53.27234227621753,3,red,0.1,True,False
413,45,packaging,69.32234227621753,4,red,0.1,True,False
414,0,rest,27.591310684893287,2,green,5.0,False,False
414,15,hmi_supervision,37.641310684893284,2,orange,2.0,False,False
414,30,material_delivery,51.59131068489329,3,red,0.1,True,False
414,45,packaging,67.64131068489328,4,red,0.1,True,False
415,0,rest,28.299352085764053,2,green,5.0,False,False
415,15,hmi_supervision,38.34935208576405,2,orange,2.0,False,False
415,30,material_delivery,52.299352085764056,3,red,0.1,True,False
415,45,packaging,68.34935208576405,4,red,0.1,True,False
416,0,rest,28.085670736496528,2,green,5.0,False,False
416,15,hmi_supervision,38.13567073649653,2,orange,2.0,False,False
416,30,material_delivery,52.08567073649653,3,red,0.1,True,False
416,45,packaging,68.13567073649654,4,red,0.1,True,False
417,0,rest,28.112726321096407,2,green,5.0,False,False
417,15,hmi_supervision,38.16272632109641,2,orange,2.0,False,False
417,30,material_delivery,52.11272632109641,3,red,0.1,True,False
417,45,packaging,68.16272632109641,4,red,0.1,True,False
418,0,rest,28.230851326669043,2,green,5.0,False,False
418,15,hmi_supervision,38.280851326669044,2,orange,2.0,False,False
418,30,material_delivery,52.23085132666905,3,red,0.1,True,False
418,45,packaging,68.28085132666905,4,red,0.1,True,False
419,0,rest,26.71737370550753,2,green,5.0,False,False
419,15,hmi_supervision,36.76737370550753,2,orange,2.0,False,False
419,30,material_delivery,50.71737370550753,3,red,0.1,True,False
419,45,packaging,66.76737370550754,4,red,0.1,True,False
420,0,rest,28.128149078595957,2,green,5.0,False,False
420,15,hmi_supervision,38.17814907859596,2,orange,2.0,False,False
420,30,material_delivery,52.12814907859596,3,red,0.1,True,False
420,45,packaging,68.17814907859596,4,red,0.1,True,False
421,0,rest,27.862012497735492,2,green,5.0,False,False
421,15,hmi_supervision,37.91201249773549,2,orange,2.0,False,False
421,30,material_delivery,51.86201249773549,3,red,0.1,True,False
421,45,packaging,67.91201249773549,4,red,0.1,True,False
422,0,rest,27.595180239767977,2,green,5.0,False,False
422,15,hmi_supervision,37.64518023976798,2,orange,2.0,False,False
422,30,material_delivery,51.595180239767984,3,red,0.1,True,False
422,45,packaging,67.64518023976798,4,red,0.1,True,False
423,0,rest,27.416271455948266,2,green,5.0,False,False
423,15,hmi_supervision,37.46627145594827,2,orange,2.0,False,False
423,30,material_delivery,51.41627145594827,3,red,0.1,True,False
423,45,packaging,67.46627145594827,4,red,0.1,True,False
424,0,rest,28.14688394132326,2,green,5.0,False,False
424,15,hmi_supervision,38.196883941323264,2,orange,2.0,False,False
424,30,material_delivery,52.14688394132327,3,red,0.1,True,False
424,45,packaging,68.19688394132326,4,red,0.1,True,False
425,0,rest,27.266220416788727,2,green,5.0,False,False
425,15,hmi_supervision,37.316220416788724,2,orange,2.0,False,False
425,30,material_delivery,51.26622041678873,3,red,0.1,True,False
425,45,packaging,67.31622041678872,4,red,0.1,True,False
426,0,rest,28.771866727994233,2,green,5.0,False,False
426,15,hmi_supervision,38.821866727994234,2,orange,2.0,False,False
426,30,material_delivery,52.77186672799424,3,red,0.1,True,False
426,45,packaging,68.82186672799423,4,red,0.1,True,False
427,0,rest,28.35444811180978,2,green,5.0,False,False
427,15,hmi_supervision,38.404448111809785,2,orange,2.0,False,False
427,30,material_delivery,52.35444811180979,3,red,0.1,True,False
427,45,packaging,68.40444811180978,4,red,0.1,True,False
428,0,rest,28.192022300735406,2,green,5.0,False,False
428,15,hmi_supervision,38.24202230073541,2,orange,2.0,False,False
428,30,material_delivery,52.19202230073541,3,red,0.1,True,False
428,45,packaging,68.24202230073541,4,red,0.1,True,False
429,0,rest,28.737018237959134,2,green,5.0,False,False
429,15,hmi_supervision,38.78701823795913,2,orange,2.0,False,False
429,30,material_delivery,52.737018237959134,3,red,0.1,True,False
429,45,packaging,68.78701823795913,4,red,0.1,True,False
430,0,rest,26.619344326501267,2,green,5.0,False,False
430,15,hmi_supervision,36.66934432650127,2,orange,2.0,False,False
430,30,material_delivery,50.61934432650127,3,red,0.1,True,False
430,45,packaging,66.66934432650127,4,red,0.1,True,False
431,0,rest,27.040317274948222,2,green,5.0,False,False
431,15,hmi_supervision,37.09031727494822,2,orange,2.0,False,False
431,30,material_delivery,51.04031727494822,3,red,0.1,True,False
431,45,packaging,67.09031727494822,4,red,0.1,True,False
432,0,rest,28.388244265351844,2,green,5.0,False,False
432,15,hmi_supervision,38.43824426535184,2,orange,2.0,False,False
432,30,material_delivery,52.388244265351844,3,red,0.1,True,False
432,45,packaging,68.43824426535184,4,red,0.1,True,False
433,0,rest,27.4556921401349,2,green,5.0,False,False
433,15,hmi_supervision,37.5056921401349,2,orange,2.0,False,False
433,30,material_delivery,51.4556921401349,3,red,0.1,True,False
433,45,packaging,67.5056921401349,4,red,0.1,True,False
434,0,rest,27.541361647756037,2,green,5.0,False,False
434,15,hmi_supervision,37.59136164775604,2,orange,2.0,False,False
434,30,material_delivery,51.54136164775604,3,red,0.1,True,False
434,45,packaging,67.59136164775605,4,red,0.1,True,False
435,0,rest,26.945004177363835,2,green,5.0,False,False
435,15,hmi_supervision,36.99500417736384,2,orange,2.0,False,False
435,30,material_delivery,50.94500417736384,3,red,0.1,True,False
435,45,packaging,66.99500417736384,4,red,0.1,True,False
436,0,rest,27.268095060267,2,green,5.0,False,False
436,15,hmi_supervision,37.318095060267,2,orange,2.0,False,False
436,30,material_delivery,51.268095060267,3,red,0.1,True,False
436,45,packaging,67.318095060267,4,red,0.1,True,False
437,0,rest,28.79023134745588,2,green,5.0,False,False
437,15,hmi_supervision,38.840231347455884,2,orange,2.0,False,False
437,30,material_delivery,52.79023134745589,3,red,0.1,True,False
437,45,packaging,68.84023134745588,4,red,0.1,True,False
438,0,rest,28.369988425660665,2,green,5.0,False,False
438,15,hmi_supervision,38.41998842566066,2,orange,2.0,False,False
438,30,material_delivery,52.369988425660665,3,red,0.1,True,False
438,45,packaging,68.41998842566066,4,red,0.1,True,False
439,0,rest,28.138627092771156,2,green,5.0,False,False
439,15,hmi_supervision,38.188627092771156,2,orange,2.0,False,False
439,30,material_delivery,52.13862709277116,3,red,0.1,True,False
439,45,packaging,68.18862709277116,4,red,0.1,True,False
440,0,rest,27.568271630321668,2,green,5.0,False,False
440,15,hmi_supervision,37.61827163032167,2,orange,2.0,False,False
440,30,material_delivery,51.568271630321675,3,red,0.1,True,False
440,45,packaging,67.61827163032167,4,red,0.1,True,False
441,0,rest,28.09150736098402,2,green,5.0,False,False
441,15,hmi_supervision,38.14150736098402,2,orange,2.0,False,False
441,30,material_delivery,52.091507360984025,3,red,0.1,True,False
441,45,packaging,68.14150736098402,4,red,0.1,True,False
442,0,rest,28.861954994714257,2,green,5.0,False,False
442,15,hmi_supervision,38.91195499471426,2,orange,2.0,False,False
442,30,material_delivery,52.86195499471426,3,red,0.1,True,False
442,45,packaging,68.91195499471426,4,red,0.1,True,False
443,0,rest,27.472617681155583,2,green,5.0,False,False
443,15,hmi_supervision,37.52261768115558,2,orange,2.0,False,False
443,30,material_delivery,51.47261768115558,3,red,0.1,True,False
443,45,packaging,67.52261768115558,4,red,0.1,True,False
444,0,rest,27.97375863212728,2,green,5.0,False,False
444,15,hmi_supervision,38.02375863212728,2,orange,2.0,False,False
444,30,material_delivery,51.973758632127286,3,red,0.1,True,False
444,45,packaging,68.02375863212728,4,red,0.1,True,False
445,0,rest,29.328100476726632,2,green,5.0,False,False
445,15,hmi_supervision,39.37810047672663,2,orange,2.0,False,False
445,30,material_delivery,53.32810047672663,3,red,0.1,True,False
445,45,packaging,69.37810047672663,4,red,0.1,True,False
446,0,rest,28.530813951591607,2,green,5.0,False,False
446,15,hmi_supervision,38.58081395159161,2,orange,2.0,False,False
446,30,material_delivery,52.53081395159161,3,red,0.1,True,False
446,45,packaging,68.58081395159161,4,red,0.1,True,False
447,0,rest,27.578149918079298,2,green,5.0,False,False
447,15,hmi_supervision,37.6281499180793,2,orange,2.0,False,False
447,30,material_delivery,51.578149918079305,3,red,0.1,True,False
447,45,packaging,67.6281499180793,4,red,0.1,True,False
448,0,rest,28.466357471662896,2,green,5.0,False,False
448,15,hmi_supervision,38.5163574716629,2,orange,2.0,False,False
448,30,material_delivery,52.4663574716629,3,red,0.1,True,False
448,45,packaging,68.5163574716629,4,red,0.1,True,False
449,0,rest,26.822331460082157,2,green,5.0,False,False
449,15,hmi_supervision,36.87233146008216,2,orange,2.0,False,False
449,30,material_delivery,50.82233146008216,3,red,0.1,True,False
449,45,packaging,66.87233146008217,4,red,0.1,True,False
450,0,rest,27.944174928174967,2,green,5.0,False,False
450,15,hmi_supervision,37.99417492817497,2,orange,2.0,False,False
450,30,material_delivery,51.944174928174974,3,red,0.1,True,False
450,45,packaging,67.99417492817497,4,red,0.1,True,False
451,0,rest,28.465504073163007,2,green,5.0,False,False
451,15,hmi_supervision,38.51550407316301,2,orange,2.0,False,False
451,30,material_delivery,52.46550407316301,3,red,0.1,True,False
451,45,packaging,68.51550407316302,4,red,0.1,True,False
452,0,rest,28.285148388254473,2,green,5.0,False,False
452,15,hmi_supervision,38.335148388254474,2,orange,2.0,False,False
452,30,material_delivery,52.28514838825448,3,red,0.1,True,False
452,45,packaging,68.33514838825448,4,red,0.1,True,False
453,0,rest,28.457939308962867,2,green,5.0,False,False
453,15,hmi_supervision,38.50793930896287,2,orange,2.0,False,False
453,30,material_delivery,52.45793930896287,3,red,0.1,True,False
453,45,packaging,68.50793930896288,4,red,0.1,True,False
454,0,rest,28.62544161591168,2,green,5.0,False,False
454,15,hmi_supervision,38.67544161591168,2,orange,2.0,False,False
454,30,material_delivery,52.62544161591168,3,red,0.1,True,False
454,45,packaging,68.67544161591168,4,red,0.1,True,False
455,0,rest,28.344385059421327,2,green,5.0,False,False
455,15,hmi_supervision,38.394385059421325,2,orange,2.0,False,False
455,30,material_delivery,52.34438505942133,3,red,0.1,True,False
455,45,packaging,68.39438505942132,4,red,0.1,True,False
456,0,rest,28.32221366434944,2,green,5.0,False,False
456,15,hmi_supervision,38.372213664349445,2,orange,2.0,False,False
456,30,material_delivery,52.32221366434945,3,red,0.1,True,False
456,45,packaging,68.37221366434945,4,red,0.1,True,False
457,0,rest,28.155765765372333,2,green,5.0,False,False
457,15,hmi_supervision,38.205765765372334,2,orange,2.0,False,False
457,30,material_delivery,52.15576576537234,3,red,0.1,True,False
457,45,packaging,68.20576576537233,4,red,0.1,True,False
458,0,rest,27.189207594693805,2,green,5.0,False,False
458,15,hmi_supervision,37.23920759469381,2,orange,2.0,False,False
458,30,material_delivery,51.18920759469381,3,red,0.1,True,False
458,45,packaging,67.23920759469381,4,red,0.1,True,False
459,0,rest,28.789864639999678,2,green,5.0,False,False
459,15,hmi_supervision,38.839864639999675,2,orange,2.0,False,False
459,30,material_delivery,52.78986463999968,3,red,0.1,True,False
459,45,packaging,68.83986463999967,4,red,0.1,True,False
460,0,rest,27.97033363460751,2,green,5.0,False,False
460,15,hmi_supervision,38.02033363460751,2,orange,2.0,False,False
460,30,material_delivery,51.97033363460751,3,red,0.1,True,False
460,45,packaging,68.02033363460751,4,red,0.1,True,False
461,0,rest,28.511125523029467,2,green,5.0,False,False
461,15,hmi_supervision,38.56112552302947,2,orange,2.0,False,False
461,30,material_delivery,52.51112552302947,3,red,0.1,True,False
461,45,packaging,68.56112552302947,4,red,0.1,True,False
462,0,rest,28.703712854482,2,green,5.0,False,False
462,15,hmi_supervision,38.753712854482,2,orange,2.0,False,False
462,30,material_delivery,52.703712854482006,3,red,0.1,True,False
462,45,packaging,68.753712854482,4,red,0.1,True,False
463,0,rest,27.612966453836968,2,green,5.0,False,False
463,15,hmi_supervision,37.66296645383697,2,orange,2.0,False,False
463,30,material_delivery,51.612966453836975,3,red,0.1,True,False
463,45,packaging,67.66296645383697,4,red,0.1,True,False
464,0,rest,27.674127829425764,2,green,5.0,False,False
464,15,hmi_supervision,37.72412782942577,2,orange,2.0,False,False
464,30,material_delivery,51.67412782942577,3,red,0.1,True,False
464,45,packaging,67.72412782942577,4,red,0.1,True,False
465,0,rest,27.76812090739852,2,green,5.0,False,False
465,15,hmi_supervision,37.81812090739852,2,orange,2.0,False,False
465,30,material_delivery,51.768120907398526,3,red,0.1,True,False
465,45,packaging,67.81812090739852,4,red,0.1,True,False
466,0,rest,28.94181709418014,2,green,5.0,False,False
466,15,hmi_supervision,38.99181709418014,2,orange,2.0,False,False
466,30,material_delivery,52.941817094180145,3,red,0.1,True,False
466,45,packaging,68.99181709418015,4,red,0.1,True,False
467,0,rest,27.329044523335373,2,green,5.0,False,False
467,15,hmi_supervision,37.379044523335374,2,orange,2.0,False,False
467,30,material_delivery,51.32904452333538,3,red,0.1,True,False
467,45,packaging,67.37904452333538,4,red,0.1,True,False
468,0,rest,29.0852334132653,2,green,5.0,False,False
468,15,hmi_supervision,39.1352334132653,2,orange,2.0,False,False
468,30,material_delivery,53.0852334132653,3,red,0.1,True,False
468,45,packaging,69.1352334132653,4,red,0.1,True,False
469,0,rest,28.147416082383682,2,green,5.0,False,False
469,15,hmi_supervision,38.19741608238368,2,orange,2.0,False,False
469,30,material_delivery,52.147416082383685,3,red,0.1,True,False
469,45,packaging,68.19741608238368,4,red,0.1,True,False
470,0,rest,28.200287699401944,2,green,5.0,False,False
470,15,hmi_supervision,38.250287699401945,2,orange,2.0,False,False
470,30,material_delivery,52.20028769940195,3,red,0.1,True,False
470,45,packaging,68.25028769940195,4,red,0.1,True,False
471,0,rest,28.667223096717578,2,green,5.0,False,False
471,15,hmi_supervision,38.717223096717575,2,orange,2.0,False,False
471,30,material_delivery,52.66722309671758,3,red,0.1,True,False
471,45,packaging,68.71722309671758,4,red,0.1,True,False
472,0,rest,28.06171299195657,2,green,5.0,False,False
472,15,hmi_supervision,38.111712991956566,2,orange,2.0,False,False
472,30,material_delivery,52.06171299195657,3,red,0.1,True,False
472,45,packaging,68.11171299195657,4,red,0.1,True,False
473,0,rest,28.799110281299015,2,green,5.0,False,False
473,15,hmi_supervision,38.84911028129902,2,orange,2.0,False,False
473,30,material_delivery,52.79911028129902,3,red,0.1,True,False
473,45,packaging,68.84911028129902,4,red,0.1,True,False
474,0,rest,27.61203366242472,2,green,5.0,False,False
474,15,hmi_supervision,37.66203366242472,2,orange,2.0,False,False
474,30,material_delivery,51.61203366242472,3,red,0.1,True,False
474,45,packaging,67.66203366242472,4,red,0.1,True,False
475,0,rest,29.057010580139185,2,green,5.0,False,False
475,15,hmi_supervision,39.10701058013919,2,orange,2.0,False,False
475,30,material_delivery,53.05701058013919,3,red,0.1,True,False
475,45,packaging,69.10701058013919,4,red,0.1,True,False
476,0,rest,27.66587310894942,2,green,5.0,False,False
476,15,hmi_supervision,37.715873108949424,2,orange,2.0,False,False
476,30,material_delivery,51.66587310894943,3,red,0.1,True,False
476,45,packaging,67.71587310894942,4,red,0.1,True,False
477,0,rest,29.090038357838274,2,green,5.0,False,False
477,15,hmi_supervision,39.14003835783828,2,orange,2.0,False,False
477,30,material_delivery,53.09003835783828,3,red,0.1,True,False
477,45,packaging,69.14003835783828,4,red,0.1,True,False
478,0,rest,27.684859887178106,2,green,5.0,False,False
478,15,hmi_supervision,37.734859887178104,2,orange,2.0,False,False
478,30,material_delivery,51.684859887178106,3,red,0.1,True,False
478,45,packaging,67.7348598871781,4,red,0.1,True,False
479,0,rest,27.78866154335462,2,green,5.0,False,False
479,15,hmi_supervision,37.83866154335462,2,orange,2.0,False,False
479,30,material_delivery,51.78866154335462,3,red,0.1,True,False
479,45,packaging,67.83866154335462,4,red,0.1,True,False
480,0,rest,27.24689442493595,2,green,5.0,False,False
480,15,hmi_supervision,37.29689442493595,2,orange,2.0,False,False
480,30,material_delivery,51.24689442493595,3,red,0.1,True,False
480,45,packaging,67.29689442493596,4,red,0.1,True,False
481,0,rest,27.424151826171904,2,green,5.0,False,False
481,15,hmi_supervision,37.474151826171905,2,orange,2.0,False,False
481,30,material_delivery,51.42415182617191,3,red,0.1,True,False
481,45,packaging,67.4741518261719,4,red,0.1,True,False
482,0,rest,27.973986334459916,2,green,5.0,False,False
482,15,hmi_supervision,38.02398633445992,2,orange,2.0,False,False
482,30,material_delivery,51.97398633445992,3,red,0.1,True,False
482,45,packaging,68.02398633445992,4,red,0.1,True,False
483,0,rest,28.17566104940239,2,green,5.0,False,False
483,15,hmi_supervision,38.22566104940239,2,orange,2.0,False,False
483,30,material_delivery,52.17566104940239,3,red,0.1,True,False
483,45,packaging,68.22566104940239,4,red,0.1,True,False
484,0,rest,28.738241798857437,2,green,5.0,False,False
484,15,hmi_supervision,38.78824179885744,2,orange,2.0,False,False
484,30,material_delivery,52.738241798857445,3,red,0.1,True,False
484,45,packaging,68.78824179885744,4,red,0.1,True,False
485,0,rest,27.83950836683087,2,green,5.0,False,False
485,15,hmi_supervision,37.88950836683087,2,orange,2.0,False,False
485,30,material_delivery,51.83950836683087,3,red,0.1,True,False
485,45,packaging,67.88950836683087,4,red,0.1,True,False
486,0,rest,27.157958483828278,2,green,5.0,False,False
486,15,hmi_supervision,37.20795848382828,2,orange,2.0,False,False
486,30,material_delivery,51.15795848382828,3,red,0.1,True,False
486,45,packaging,67.20795848382828,4,red,0.1,True,False
487,0,rest,28.28680730963804,2,green,5.0,False,False
487,15,hmi_supervision,38.33680730963804,2,orange,2.0,False,False
487,30,material_delivery,52.28680730963804,3,red,0.1,True,False
487,45,packaging,68.33680730963805,4,red,0.1,True,False
488,0,rest,28.12483915615979,2,green,5.0,False,False
488,15,hmi_supervision,38.17483915615979,2,orange,2.0,False,False
488,30,material_delivery,52.124839156159794,3,red,0.1,True,False
488,45,packaging,68.17483915615979,4,red,0.1,True,False
489,0,rest,28.36933844800611,2,green,5.0,False,False
489,15,hmi_supervision,38.419338448006116,2,orange,2.0,False,False
489,30,material_delivery,52.36933844800612,3,red,0.1,True,False
489,45,packaging,68.41933844800612,4,red,0.1,True,False
490,0,rest,27.521695011811513,2,green,5.0,False,False
490,15,hmi_supervision,37.571695011811514,2,orange,2.0,False,False
490,30,material_delivery,51.52169501181152,3,red,0.1,True,False
490,45,packaging,67.57169501181151,4,red,0.1,True,False
491,0,rest,27.601752283748638,2,green,5.0,False,False
491,15,hmi_supervision,37.651752283748635,2,orange,2.0,False,False
491,30,material_delivery,51.60175228374864,3,red,0.1,True,False
491,45,packaging,67.65175228374864,4,red,0.1,True,False
492,0,rest,27.52195965452011,2,green,5.0,False,False
492,15,hmi_supervision,37.571959654520114,2,orange,2.0,False,False
492,30,material_delivery,51.52195965452012,3,red,0.1,True,False
492,45,packaging,67.57195965452011,4,red,0.1,True,False
493,0,rest,28.891762398330663,2,green,5.0,False,False
493,15,hmi_supervision,38.94176239833067,2,orange,2.0,False,False
493,30,material_delivery,52.89176239833067,3,red,0.1,True,False
493,45,packaging,68.94176239833067,4,red,0.1,True,False
494,0,rest,29.06537818599239,2,green,5.0,False,False
494,15,hmi_supervision,39.11537818599239,2,orange,2.0,False,False
494,30,material_delivery,53.065378185992394,3,red,0.1,True,False
494,45,packaging,69.1153781859924,4,red,0.1,True,False
495,0,rest,27.571940279687894,2,green,5.0,False,False
495,15,hmi_supervision,37.62194027968789,2,orange,2.0,False,False
495,30,material_delivery,51.571940279687894,3,red,0.1,True,False
495,45,packaging,67.62194027968789,4,red,0.1,True,False
496,0,rest,27.585832716789273,2,green,5.0,False,False
496,15,hmi_supervision,37.635832716789274,2,orange,2.0,False,False
496,30,material_delivery,51.58583271678928,3,red,0.1,True,False
496,45,packaging,67.63583271678928,4,red,0.1,True,False
497,0,rest,28.474698863316632,2,green,5.0,False,False
497,15,hmi_supervision,38.52469886331663,2,orange,2.0,False,False
497,30,material_delivery,52.47469886331663,3,red,0.1,True,False
497,45,packaging,68.52469886331663,4,red,0.1,True,False
498,0,rest,29.160628900997548,2,green,5.0,False,False
498,15,hmi_supervision,39.21062890099755,2,orange,2.0,False,False
498,30,material_delivery,53.16062890099755,3,red,0.1,True,False
498,45,packaging,69.21062890099755,4,red,0.1,True,False
499,0,rest,29.346908254821642,2,green,5.0,False,False
499,15,hmi_supervision,39.39690825482164,2,orange,2.0,False,False
499,30,material_delivery,53.34690825482164,3,red,0.1,True,False
499,45,packaging,69.39690825482164,4,red,0.1,True,False
500,0,rest,27.540408482136712,2,green,5.0,False,False
500,15,hmi_supervision,37.59040848213671,2,orange,2.0,False,False
500,30,material_delivery,51.54040848213671,3,red,0.1,True,False
500,45,packaging,67.59040848213671,4,red,0.1,True,False
501,0,rest,27.70922383004801,2,green,5.0,False,False
501,15,hmi_supervision,37.759223830048015,2,orange,2.0,False,False
501,30,material_delivery,51.70922383004802,3,red,0.1,True,False
501,45,packaging,67.75922383004801,4,red,0.1,True,False
502,0,rest,28.214399043043677,2,green,5.0,False,False
502,15,hmi_supervision,38.26439904304368,2,orange,2.0,False,False
502,30,material_delivery,52.214399043043684,3,red,0.1,True,False
502,45,packaging,68.26439904304368,4,red,0.1,True,False
503,0,rest,28.25084259249027,2,green,5.0,False,False
503,15,hmi_supervision,38.30084259249027,2,orange,2.0,False,False
503,30,material_delivery,52.25084259249027,3,red,0.1,True,False
503,45,packaging,68.30084259249027,4,red,0.1,True,False
504,0,rest,27.867289579379463,2,green,5.0,False,False
504,15,hmi_supervision,37.917289579379464,2,orange,2.0,False,False
504,30,material_delivery,51.86728957937947,3,red,0.1,True,False
504,45,packaging,67.91728957937947,4,red,0.1,True,False
505,0,rest,27.40127706659616,2,green,5.0,False,False
505,15,hmi_supervision,37.45127706659616,2,orange,2.0,False,False
505,30,material_delivery,51.401277066596165,3,red,0.1,True,False
505,45,packaging,67.45127706659616,4,red,0.1,True,False
506,0,rest,27.975154770344652,2,green,5.0,False,False
506,15,hmi_supervision,38.025154770344656,2,orange,2.0,False,False
506,30,material_delivery,51.97515477034466,3,red,0.1,True,False
506,45,packaging,68.02515477034466,4,red,0.1,True,False
507,0,rest,29.34591839763834,2,green,5.0,False,False
507,15,hmi_supervision,39.39591839763834,2,orange,2.0,False,False
507,30,material_delivery,53.34591839763834,3,red,0.1,True,False
507,45,packaging,69.39591839763834,4,red,0.1,True,False
508,0,rest,27.61179152572287,2,green,5.0,False,False
508,15,hmi_supervision,37.661791525722876,2,orange,2.0,False,False
508,30,material_delivery,51.61179152572288,3,red,0.1,True,False
508,45,packaging,67.66179152572288,4,red,0.1,True,False
509,0,rest,28.167840963729173,2,green,5.0,False,False
509,15,hmi_supervision,38.217840963729174,2,orange,2.0,False,False
509,30,material_delivery,52.16784096372918,3,red,0.1,True,False
509,45,packaging,68.21784096372917,4,red,0.1,True,False
510,0,rest,29.895199319405215,2,green,5.0,False,False
510,15,hmi_supervision,39.94519931940522,2,orange,2.0,False,False
510,30,material_delivery,53.89519931940522,3,red,0.1,True,False
510,45,packaging,69.94519931940522,4,red,0.1,True,False
511,0,rest,27.60184842030976,2,green,5.0,False,False
511,15,hmi_supervision,37.65184842030976,2,orange,2.0,False,False
511,30,material_delivery,51.601848420309764,3,red,0.1,True,False
511,45,packaging,67.65184842030976,4,red,0.1,True,False
512,0,rest,28.511418617219732,2,green,5.0,False,False
512,15,hmi_supervision,38.56141861721973,2,orange,2.0,False,False
512,30,material_delivery,52.51141861721973,3,red,0.1,True,False
512,45,packaging,68.56141861721973,4,red,0.1,True,False
513,0,rest,29.385030494302026,2,green,5.0,False,False
513,15,hmi_supervision,39.435030494302026,2,orange,2.0,False,False
513,30,material_delivery,53.38503049430203,3,red,0.1,True,False
513,45,packaging,69.43503049430203,4,red,0.1,True,False
514,0,rest,28.442991123019233,2,green,5.0,False,False
514,15,hmi_supervision,38.49299112301924,2,orange,2.0,False,False
514,30,material_delivery,52.44299112301924,3,red,0.1,True,False
514,45,packaging,68.49299112301924,4,red,0.1,True,False
515,0,rest,28.83152768543718,2,green,5.0,False,False
515,15,hmi_supervision,38.88152768543718,2,orange,2.0,False,False
515,30,material_delivery,52.83152768543718,3,red,0.1,True,False
515,45,packaging,68.88152768543718,4,red,0.1,True,False
516,0,rest,28.615361635898022,2,green,5.0,False,False
516,15,hmi_supervision,38.66536163589802,2,orange,2.0,False,False
516,30,material_delivery,52.615361635898026,3,red,0.1,True,False
516,45,packaging,68.66536163589802,4,red,0.1,True,False
517,0,rest,28.380455523330472,2,green,5.0,False,False
517,15,hmi_supervision,38.43045552333047,2,orange,2.0,False,False
517,30,material_delivery,52.380455523330475,3,red,0.1,True,False
517,45,packaging,68.43045552333048,4,red,0.1,True,False
518,0,rest,29.036619243278146,2,green,5.0,False,False
518,15,hmi_supervision,39.08661924327815,2,orange,2.0,False,False
518,30,material_delivery,53.03661924327815,3,red,0.1,True,False
518,45,packaging,69.08661924327815,4,red,0.1,True,False
519,0,rest,28.48653241569223,2,green,5.0,False,False
519,15,hmi_supervision,38.536532415692236,2,orange,2.0,False,False
519,30,material_delivery,52.48653241569224,3,red,0.1,True,False
519,45,packaging,68.53653241569224,4,red,0.1,True,False
520,0,rest,27.87466143976236,2,green,5.0,False,False
520,15,hmi_supervision,37.92466143976236,2,orange,2.0,False,False
520,30,material_delivery,51.87466143976236,3,red,0.1,True,False
520,45,packaging,67.92466143976236,4,red,0.1,True,False
521,0,rest,28.110035264824994,2,green,5.0,False,False
521,15,hmi_supervision,38.160035264825,2,orange,2.0,False,False
521,30,material_delivery,52.110035264825,3,red,0.1,True,False
521,45,packaging,68.160035264825,4,red,0.1,True,False
522,0,rest,28.276504981654675,2,green,5.0,False,False
522,15,hmi_supervision,38.32650498165468,2,orange,2.0,False,False
522,30,material_delivery,52.27650498165468,3,red,0.1,True,False
522,45,packaging,68.32650498165468,4,red,0.1,True,False
523,0,rest,27.70499589075448,2,green,5.0,False,False
523,15,hmi_supervision,37.75499589075448,2,orange,2.0,False,False
523,30,material_delivery,51.70499589075448,3,red,0.1,True,False
523,45,packaging,67.75499589075449,4,red,0.1,True,False
524,0,rest,28.14332430101493,2,green,5.0,False,False
524,15,hmi_supervision,38.193324301014925,2,orange,2.0,False,False
524,30,material_delivery,52.14332430101493,3,red,0.1,True,False
524,45,packaging,68.19332430101493,4,red,0.1,True,False
525,0,rest,28.03482741111711,2,green,5.0,False,False
525,15,hmi_supervision,38.08482741111711,2,orange,2.0,False,False
525,30,material_delivery,52.034827411117114,3,red,0.1,True,False
525,45,packaging,68.08482741111712,4,red,0.1,True,False
526,0,rest,28.484113135855807,2,green,5.0,False,False
526,15,hmi_supervision,38.534113135855804,2,orange,2.0,False,False
526,30,material_delivery,52.48411313585581,3,red,0.1,True,False
526,45,packaging,68.5341131358558,4,red,0.1,True,False
527,0,rest,29.622441042479096,2,green,5.0,False,False
527,15,hmi_supervision,39.67244104247909,2,orange,2.0,False,False
527,30,material_delivery,53.622441042479096,3,red,0.1,True,False
527,45,packaging,69.6724410424791,4,red,0.1,True,False
528,0,rest,28.187037762783067,2,green,5.0,False,False
528,15,hmi_supervision,38.23703776278307,2,orange,2.0,False,False
528,30,material_delivery,52.18703776278307,3,red,0.1,True,False
528,45,packaging,68.23703776278307,4,red,0.1,True,False
529,0,rest,29.183089959822606,2,green,5.0,False,False
529,15,hmi_supervision,39.23308995982261,2,orange,2.0,False,False
529,30,material_delivery,53.18308995982261,3,red,0.1,True,False
529,45,packaging,69.2330899598226,4,red,0.1,True,False
530,0,rest,28.455922382287405,2,green,5.0,False,False
530,15,hmi_supervision,38.50592238228741,2,orange,2.0,False,False
530,30,material_delivery,52.45592238228741,3,red,0.1,True,False
530,45,packaging,68.50592238228741,4,red,0.1,True,False
531,0,rest,28.13995684236727,2,green,5.0,False,False
531,15,hmi_supervision,38.189956842367266,2,orange,2.0,False,False
531,30,material_delivery,52.13995684236727,3,red,0.1,True,False
531,45,packaging,68.18995684236727,4,red,0.1,True,False
532,0,rest,27.665174789087104,2,green,5.0,False,False
532,15,hmi_supervision,37.7151747890871,2,orange,2.0,False,False
532,30,material_delivery,51.665174789087104,3,red,0.1,True,False
532,45,packaging,67.7151747890871,4,red,0.1,True,False
533,0,rest,28.14556749467373,2,green,5.0,False,False
533,15,hmi_supervision,38.19556749467373,2,orange,2.0,False,False
533,30,material_delivery,52.145567494673735,3,red,0.1,True,False
533,45,packaging,68.19556749467374,4,red,0.1,True,False
534,0,rest,28.09972725561016,2,green,5.0,False,False
534,15,hmi_supervision,38.14972725561016,2,orange,2.0,False,False
534,30,material_delivery,52.09972725561016,3,red,0.1,True,False
534,45,packaging,68.14972725561016,4,red,0.1,True,False
535,0,rest,27.47490938879562,2,green,5.0,False,False
535,15,hmi_supervision,37.52490938879562,2,orange,2.0,False,False
535,30,material_delivery,51.47490938879562,3,red,0.1,True,False
535,45,packaging,67.52490938879562,4,red,0.1,True,False
536,0,rest,27.58080861454631,2,green,5.0,False,False
536,15,hmi_supervision,37.63080861454631,2,orange,2.0,False,False
536,30,material_delivery,51.580808614546314,3,red,0.1,True,False
536,45,packaging,67.63080861454631,4,red,0.1,True,False
537,0,rest,28.282908906298392,2,green,5.0,False,False
537,15,hmi_supervision,38.33290890629839,2,orange,2.0,False,False
537,30,material_delivery,52.282908906298395,3,red,0.1,True,False
537,45,packaging,68.3329089062984,4,red,0.1,True,False
538,0,rest,29.174143021925754,2,green,5.0,False,False
538,15,hmi_supervision,39.224143021925755,2,orange,2.0,False,False
538,30,material_delivery,53.17414302192576,3,red,0.1,True,False
538,45,packaging,69.22414302192576,4,red,0.1,True,False
539,0,rest,27.95068730419526,2,green,5.0,False,False
539,15,hmi_supervision,38.00068730419526,2,orange,2.0,False,False
539,30,material_delivery,51.95068730419526,3,red,0.1,True,False
539,45,packaging,68.00068730419527,4,red,0.1,True,False
540,0,rest,26.913989574687818,2,green,5.0,False,False
540,15,hmi_supervision,36.963989574687815,2,orange,2.0,False,False
540,30,material_delivery,50.91398957468782,3,red,0.1,True,False
540,45,packaging,66.96398957468782,4,red,0.1,True,False
541,0,rest,26.35089553253494,2,green,5.0,False,False
541,15,hmi_supervision,36.40089553253494,2,orange,2.0,False,False
541,30,material_delivery,50.35089553253494,3,red,0.1,True,False
541,45,packaging,66.40089553253495,4,red,0.1,True,False
542,0,rest,27.234075387151965,2,green,5.0,False,False
542,15,hmi_supervision,37.284075387151965,2,orange,2.0,False,False
542,30,material_delivery,51.23407538715197,3,red,0.1,True,False
542,45,packaging,67.28407538715197,4,red,0.1,True,False
543,0,rest,28.531267335474514,2,green,5.0,False,False
543,15,hmi_supervision,38.581267335474514,2,orange,2.0,False,False
543,30,material_delivery,52.53126733547452,3,red,0.1,True,False
543,45,packaging,68.58126733547452,4,red,0.1,True,False
544,0,rest,27.03977170099683,2,green,5.0,False,False
544,15,hmi_supervision,37.089771700996835,2,orange,2.0,False,False
544,30,material_delivery,51.03977170099684,3,red,0.1,True,False
544,45,packaging,67.08977170099683,4,red,0.1,True,False
545,0,rest,28.654342996210108,2,green,5.0,False,False
545,15,hmi_supervision,38.70434299621011,2,orange,2.0,False,False
545,30,material_delivery,52.65434299621011,3,red,0.1,True,False
545,45,packaging,68.70434299621012,4,red,0.1,True,False
546,0,rest,28.487650883468994,2,green,5.0,False,False
546,15,hmi_supervision,38.537650883469,2,orange,2.0,False,False
546,30,material_delivery,52.487650883469,3,red,0.1,True,False
546,45,packaging,68.537650883469,4,red,0.1,True,False
547,0,rest,27.925618102165462,2,green,5.0,False,False
547,15,hmi_supervision,37.97561810216546,2,orange,2.0,False,False
547,30,material_delivery,51.925618102165465,3,red,0.1,True,False
547,45,packaging,67.97561810216547,4,red,0.1,True,False
548,0,rest,26.855856121806447,2,green,5.0,False,False
548,15,hmi_supervision,36.90585612180645,2,orange,2.0,False,False
548,30,material_delivery,50.855856121806454,3,red,0.1,True,False
548,45,packaging,66.90585612180645,4,red,0.1,True,False
549,0,rest,27.481068947589065,2,green,5.0,False,False
549,15,hmi_supervision,37.53106894758906,2,orange,2.0,False,False
549,30,material_delivery,51.481068947589065,3,red,0.1,True,False
549,45,packaging,67.53106894758906,4,red,0.1,True,False
550,0,rest,27.81907295660775,2,green,5.0,False,False
550,15,hmi_supervision,37.86907295660775,2,orange,2.0,False,False
550,30,material_delivery,51.819072956607755,3,red,0.1,True,False
550,45,packaging,67.86907295660775,4,red,0.1,True,False
551,0,rest,28.264041547385723,2,green,5.0,False,False
551,15,hmi_supervision,38.31404154738573,2,orange,2.0,False,False
551,30,material_delivery,52.26404154738573,3,red,0.1,True,False
551,45,packaging,68.31404154738573,4,red,0.1,True,False
552,0,rest,27.061345431857166,2,green,5.0,False,False
552,15,hmi_supervision,37.11134543185717,2,orange,2.0,False,False
552,30,material_delivery,51.06134543185717,3,red,0.1,True,False
552,45,packaging,67.11134543185717,4,red,0.1,True,False
553,0,rest,29.082823453054946,2,green,5.0,False,False
553,15,hmi_supervision,39.13282345305495,2,orange,2.0,False,False
553,30,material_delivery,53.08282345305495,3,red,0.1,True,False
553,45,packaging,69.13282345305495,4,red,0.1,True,False
554,0,rest,28.25704400978328,2,green,5.0,False,False
554,15,hmi_supervision,38.30704400978328,2,orange,2.0,False,False
554,30,material_delivery,52.257044009783286,3,red,0.1,True,False
554,45,packaging,68.30704400978328,4,red,0.1,True,False
555,0,rest,28.342564914365337,2,green,5.0,False,False
555,15,hmi_supervision,38.39256491436534,2,orange,2.0,False,False
555,30,material_delivery,52.34256491436534,3,red,0.1,True,False
555,45,packaging,68.39256491436534,4,red,0.1,True,False
556,0,rest,28.482042069900658,2,green,5.0,False,False
556,15,hmi_supervision,38.532042069900655,2,orange,2.0,False,False
556,30,material_delivery,52.48204206990066,3,red,0.1,True,False
556,45,packaging,68.53204206990065,4,red,0.1,True,False
557,0,rest,28.996864397599325,2,green,5.0,False,False
557,15,hmi_supervision,39.04686439759932,2,orange,2.0,False,False
557,30,material_delivery,52.996864397599325,3,red,0.1,True,False
557,45,packaging,69.04686439759932,4,red,0.1,True,False
558,0,rest,28.147390877276102,2,green,5.0,False,False
558,15,hmi_supervision,38.197390877276106,2,orange,2.0,False,False
558,30,material_delivery,52.14739087727611,3,red,0.1,True,False
558,45,packaging,68.1973908772761,4,red,0.1,True,False
559,0,rest,28.531752818191386,2,green,5.0,False,False
559,15,hmi_supervision,38.58175281819139,2,orange,2.0,False,False
559,30,material_delivery,52.53175281819139,3,red,0.1,True,False
559,45,packaging,68.58175281819139,4,red,0.1,True,False
560,0,rest,27.492705773455548,2,green,5.0,False,False
560,15,hmi_supervision,37.54270577345555,2,orange,2.0,False,False
560,30,material_delivery,51.492705773455555,3,red,0.1,True,False
560,45,packaging,67.54270577345555,4,red,0.1,True,False
561,0,rest,29.350705324683112,2,green,5.0,False,False
561,15,hmi_supervision,39.400705324683116,2,orange,2.0,False,False
561,30,material_delivery,53.35070532468312,3,red,0.1,True,False
561,45,packaging,69.40070532468312,4,red,0.1,True,False
562,0,rest,28.096078311183092,2,green,5.0,False,False
562,15,hmi_supervision,38.14607831118309,2,orange,2.0,False,False
562,30,material_delivery,52.09607831118309,3,red,0.1,True,False
562,45,packaging,68.14607831118309,4,red,0.1,True,False
563,0,rest,27.48921125689384,2,green,5.0,False,False
563,15,hmi_supervision,37.539211256893836,2,orange,2.0,False,False
563,30,material_delivery,51.48921125689384,3,red,0.1,True,False
563,45,packaging,67.53921125689384,4,red,0.1,True,False
564,0,rest,27.665362425088915,2,green,5.0,False,False
564,15,hmi_supervision,37.71536242508891,2,orange,2.0,False,False
564,30,material_delivery,51.665362425088915,3,red,0.1,True,False
564,45,packaging,67.71536242508891,4,red,0.1,True,False
565,0,rest,26.58284445179085,2,green,5.0,False,False
565,15,hmi_supervision,36.63284445179085,2,orange,2.0,False,False
565,30,material_delivery,50.582844451790855,3,red,0.1,True,False
565,45,packaging,66.63284445179086,4,red,0.1,True,False
566,0,rest,27.660770260563194,2,green,5.0,False,False
566,15,hmi_supervision,37.710770260563194,2,orange,2.0,False,False
566,30,material_delivery,51.6607702605632,3,red,0.1,True,False
566,45,packaging,67.7107702605632,4,red,0.1,True,False
567,0,rest,26.18209050502828,2,green,5.0,False,False
567,15,hmi_supervision,36.23209050502828,2,orange,2.0,False,False
567,30,material_delivery,50.182090505028285,3,red,0.1,True,False
567,45,packaging,66.23209050502828,4,red,0.1,True,False
568,0,rest,28.589350118988126,2,green,5.0,False,False
568,15,hmi_supervision,38.639350118988126,2,orange,2.0,False,False
568,30,material_delivery,52.58935011898813,3,red,0.1,True,False
568,45,packaging,68.63935011898813,4,red,0.1,True,False
569,0,rest,28.319093171338725,2,green,5.0,False,False
569,15,hmi_supervision,38.369093171338726,2,orange,2.0,False,False
569,30,material_delivery,52.31909317133873,3,red,0.1,True,False
569,45,packaging,68.36909317133873,4,red,0.1,True,False
570,0,rest,27.27476789265309,2,green,5.0,False,False
570,15,hmi_supervision,37.32476789265309,2,orange,2.0,False,False
570,30,material_delivery,51.274767892653095,3,red,0.1,True,False
570,45,packaging,67.3247678926531,4,red,0.1,True,False
571,0,rest,27.964216482893516,2,green,5.0,False,False
571,15,hmi_supervision,38.01421648289352,2,orange,2.0,False,False
571,30,material_delivery,51.96421648289352,3,red,0.1,True,False
571,45,packaging,68.01421648289352,4,red,0.1,True,False
572,0,rest,27.997298095682073,2,green,5.0,False,False
572,15,hmi_supervision,38.04729809568207,2,orange,2.0,False,False
572,30,material_delivery,51.997298095682076,3,red,0.1,True,False
572,45,packaging,68.04729809568208,4,red,0.1,True,False
573,0,rest,27.131226483105593,2,green,5.0,False,False
573,15,hmi_supervision,37.18122648310559,2,orange,2.0,False,False
573,30,material_delivery,51.13122648310559,3,red,0.1,True,False
573,45,packaging,67.18122648310559,4,red,0.1,True,False
574,0,rest,27.83427686962775,2,green,5.0,False,False
574,15,hmi_supervision,37.884276869627755,2,orange,2.0,False,False
574,30,material_delivery,51.83427686962776,3,red,0.1,True,False
574,45,packaging,67.88427686962775,4,red,0.1,True,False
575,0,rest,28.020164379245898,2,green,5.0,False,False
575,15,hmi_supervision,38.070164379245895,2,orange,2.0,False,False
575,30,material_delivery,52.0201643792459,3,red,0.1,True,False
575,45,packaging,68.0701643792459,4,red,0.1,True,False
576,0,rest,27.814616963109554,2,green,5.0,False,False
576,15,hmi_supervision,37.864616963109555,2,orange,2.0,False,False
576,30,material_delivery,51.81461696310956,3,red,0.1,True,False
576,45,packaging,67.86461696310955,4,red,0.1,True,False
577,0,rest,27.48851181400165,2,green,5.0,False,False
577,15,hmi_supervision,37.53851181400165,2,orange,2.0,False,False
577,30,material_delivery,51.488511814001654,3,red,0.1,True,False
577,45,packaging,67.53851181400165,4,red,0.1,True,False
578,0,rest,27.248784992578813,2,green,5.0,False,False
578,15,hmi_supervision,37.29878499257882,2,orange,2.0,False,False
578,30,material_delivery,51.24878499257882,3,red,0.1,True,False
578,45,packaging,67.29878499257882,4,red,0.1,True,False
579,0,rest,27.789174780335532,2,green,5.0,False,False
579,15,hmi_supervision,37.83917478033553,2,orange,2.0,False,False
579,30,material_delivery,51.789174780335536,3,red,0.1,True,False
579,45,packaging,67.83917478033554,4,red,0.1,True,False
580,0,rest,27.5716157576629,2,green,5.0,False,False
580,15,hmi_supervision,37.6216157576629,2,orange,2.0,False,False
580,30,material_delivery,51.571615757662904,3,red,0.1,True,False
580,45,packaging,67.62161575766291,4,red,0.1,True,False
581,0,rest,28.42943708601712,2,green,5.0,False,False
581,15,hmi_supervision,38.47943708601712,2,orange,2.0,False,False
581,30,material_delivery,52.429437086017124,3,red,0.1,True,False
581,45,packaging,68.47943708601713,4,red,0.1,True,False
582,0,rest,29.0495165774395,2,green,5.0,False,False
582,15,hmi_supervision,39.0995165774395,2,orange,2.0,False,False
582,30,material_delivery,53.049516577439505,3,red,0.1,True,False
582,45,packaging,69.0995165774395,4,red,0.1,True,False
583,0,rest,28.693475262184577,2,green,5.0,False,False
583,15,hmi_supervision,38.743475262184575,2,orange,2.0,False,False
583,30,material_delivery,52.69347526218458,3,red,0.1,True,False
583,45,packaging,68.74347526218457,4,red,0.1,True,False
584,0,rest,28.044722777440132,2,green,5.0,False,False
584,15,hmi_supervision,38.09472277744013,2,orange,2.0,False,False
584,30,material_delivery,52.044722777440136,3,red,0.1,True,False
584,45,packaging,68.09472277744014,4,red,0.1,True,False
585,0,rest,27.51479741672082,2,green,5.0,False,False
585,15,hmi_supervision,37.56479741672082,2,orange,2.0,False,False
585,30,material_delivery,51.514797416720825,3,red,0.1,True,False
585,45,packaging,67.56479741672082,4,red,0.1,True,False
586,0,rest,28.671394915020798,2,green,5.0,False,False
586,15,hmi_supervision,38.721394915020795,2,orange,2.0,False,False
586,30,material_delivery,52.6713949150208,3,red,0.1,True,False
586,45,packaging,68.7213949150208,4,red,0.1,True,False
587,0,rest,28.476378851261476,2,green,5.0,False,False
587,15,hmi_supervision,38.52637885126148,2,orange,2.0,False,False
587,30,material_delivery,52.47637885126148,3,red,0.1,True,False
587,45,packaging,68.52637885126148,4,red,0.1,True,False
588,0,rest,28.988045549225745,2,green,5.0,False,False
588,15,hmi_supervision,39.03804554922574,2,orange,2.0,False,False
588,30,material_delivery,52.988045549225745,3,red,0.1,True,False
588,45,packaging,69.03804554922574,4,red,0.1,True,False
589,0,rest,28.1481997035193,2,green,5.0,False,False
589,15,hmi_supervision,38.1981997035193,2,orange,2.0,False,False
589,30,material_delivery,52.1481997035193,3,red,0.1,True,False
589,45,packaging,68.19819970351931,4,red,0.1,True,False
590,0,rest,29.301972852373936,2,green,5.0,False,False
590,15,hmi_supervision,39.35197285237393,2,orange,2.0,False,False
590,30,material_delivery,53.301972852373936,3,red,0.1,True,False
590,45,packaging,69.35197285237393,4,red,0.1,True,False
591,0,rest,28.148433087596985,2,green,5.0,False,False
591,15,hmi_supervision,38.19843308759698,2,orange,2.0,False,False
591,30,material_delivery,52.148433087596985,3,red,0.1,True,False
591,45,packaging,68.19843308759698,4,red,0.1,True,False
592,0,rest,27.511436497289164,2,green,5.0,False,False
592,15,hmi_supervision,37.561436497289165,2,orange,2.0,False,False
592,30,material_delivery,51.51143649728917,3,red,0.1,True,False
592,45,packaging,67.56143649728917,4,red,0.1,True,False
593,0,rest,27.63708562445926,2,green,5.0,False,False
593,15,hmi_supervision,37.68708562445926,2,orange,2.0,False,False
593,30,material_delivery,51.63708562445926,3,red,0.1,True,False
593,45,packaging,67.68708562445926,4,red,0.1,True,False
594,0,rest,28.392126616026626,2,green,5.0,False,False
594,15,hmi_supervision,38.44212661602663,2,orange,2.0,False,False
594,30,material_delivery,52.39212661602663,3,red,0.1,True,False
594,45,packaging,68.44212661602663,4,red,0.1,True,False
595,0,rest,27.569724997046066,2,green,5.0,False,False
595,15,hmi_supervision,37.61972499704606,2,orange,2.0,False,False
595,30,material_delivery,51.569724997046066,3,red,0.1,True,False
595,45,packaging,67.61972499704606,4,red,0.1,True,False
596,0,rest,29.295657377575534,2,green,5.0,False,False
596,15,hmi_supervision,39.345657377575534,2,orange,2.0,False,False
596,30,material_delivery,53.29565737757554,3,red,0.1,True,False
596,45,packaging,69.34565737757553,4,red,0.1,True,False
597,0,rest,28.327242752255525,2,green,5.0,False,False
597,15,hmi_supervision,38.377242752255526,2,orange,2.0,False,False
597,30,material_delivery,52.32724275225553,3,red,0.1,True,False
597,45,packaging,68.37724275225553,4,red,0.1,True,False
598,0,rest,28.02850260862615,2,green,5.0,False,False
598,15,hmi_supervision,38.07850260862615,2,orange,2.0,False,False
598,30,material_delivery,52.028502608626155,3,red,0.1,True,False
598,45,packaging,68.07850260862615,4,red,0.1,True,False
599,0,rest,28.090023495038697,2,green,5.0,False,False
599,15,hmi_supervision,38.1400234950387,2,orange,2.0,False,False
599,30,material_delivery,52.0900234950387,3,red,0.1,True,False
599,45,packaging,68.1400234950387,4,red,0.1,True,False
600,0,rest,27.80696759693249,2,green,5.0,False,False
600,15,hmi_supervision,37.85696759693249,2,orange,2.0,False,False
600,30,material_delivery,51.806967596932495,3,red,0.1,True,False
600,45,packaging,67.85696759693249,4,red,0.1,True,False
601,0,rest,26.748561944591806,2,green,5.0,False,False
601,15,hmi_supervision,36.79856194459181,2,orange,2.0,False,False
601,30,material_delivery,50.74856194459181,3,red,0.1,True,False
601,45,packaging,66.79856194459181,4,red,0.1,True,False
602,0,rest,27.63761015327547,2,green,5.0,False,False
602,15,hmi_supervision,37.68761015327547,2,orange,2.0,False,False
602,30,material_delivery,51.637610153275475,3,red,0.1,True,False
602,45,packaging,67.68761015327547,4,red,0.1,True,False
603,0,rest,29.180490072467524,2,green,5.0,False,False
603,15,hmi_supervision,39.230490072467525,2,orange,2.0,False,False
603,30,material_delivery,53.18049007246753,3,red,0.1,True,False
603,45,packaging,69.23049007246753,4,red,0.1,True,False
604,0,rest,28.168338863919978,2,green,5.0,False,False
604,15,hmi_supervision,38.21833886391998,2,orange,2.0,False,False
604,30,material_delivery,52.168338863919985,3,red,0.1,True,False
604,45,packaging,68.21833886391998,4,red,0.1,True,False
605,0,rest,28.785323726959117,2,green,5.0,False,False
605,15,hmi_supervision,38.83532372695912,2,orange,2.0,False,False
605,30,material_delivery,52.78532372695912,3,red,0.1,True,False
605,45,packaging,68.83532372695912,4,red,0.1,True,False
606,0,rest,28.809010625073473,2,green,5.0,False,False
606,15,hmi_supervision,38.85901062507347,2,orange,2.0,False,False
606,30,material_delivery,52.809010625073476,3,red,0.1,True,False
606,45,packaging,68.85901062507348,4,red,0.1,True,False
607,0,rest,27.97111864787447,2,green,5.0,False,False
607,15,hmi_supervision,38.021118647874474,2,orange,2.0,False,False
607,30,material_delivery,51.971118647874476,3,red,0.1,True,False
607,45,packaging,68.02111864787447,4,red,0.1,True,False
608,0,rest,28.489242158810065,2,green,5.0,False,False
608,15,hmi_supervision,38.53924215881007,2,orange,2.0,False,False
608,30,material_delivery,52.48924215881007,3,red,0.1,True,False
608,45,packaging,68.53924215881007,4,red,0.1,True,False
609,0,rest,26.817705882261812,2,green,5.0,False,False
609,15,hmi_supervision,36.867705882261816,2,orange,2.0,False,False
609,30,material_delivery,50.81770588226182,3,red,0.1,True,False
609,45,packaging,66.86770588226182,4,red,0.1,True,False
610,0,rest,29.10740526229442,2,green,5.0,False,False
610,15,hmi_supervision,39.15740526229442,2,orange,2.0,False,False
610,30,material_delivery,53.10740526229442,3,red,0.1,True,False
610,45,packaging,69.15740526229442,4,red,0.1,True,False
611,0,rest,29.03506851561059,2,green,5.0,False,False
611,15,hmi_supervision,39.08506851561059,2,orange,2.0,False,False
611,30,material_delivery,53.03506851561059,3,red,0.1,True,False
611,45,packaging,69.08506851561059,4,red,0.1,True,False
612,0,rest,28.370522639712053,2,green,5.0,False,False
612,15,hmi_supervision,38.420522639712054,2,orange,2.0,False,False
612,30,material_delivery,52.37052263971206,3,red,0.1,True,False
612,45,packaging,68.42052263971206,4,red,0.1,True,False
613,0,rest,28.19550532436793,2,green,5.0,False,False
613,15,hmi_supervision,38.245505324367926,2,orange,2.0,False,False
613,30,material_delivery,52.19550532436793,3,red,0.1,True,False
613,45,packaging,68.24550532436793,4,red,0.1,True,False
614,0,rest,27.980834446756415,2,green,5.0,False,False
614,15,hmi_supervision,38.030834446756415,2,orange,2.0,False,False
614,30,material_delivery,51.98083444675642,3,red,0.1,True,False
614,45,packaging,68.03083444675642,4,red,0.1,True,False
615,0,rest,28.879546764444523,2,green,5.0,False,False
615,15,hmi_supervision,38.929546764444524,2,orange,2.0,False,False
615,30,material_delivery,52.87954676444453,3,red,0.1,True,False
615,45,packaging,68.92954676444452,4,red,0.1,True,False
616,0,rest,28.57877403298626,2,green,5.0,False,False
616,15,hmi_supervision,38.62877403298626,2,orange,2.0,False,False
616,30,material_delivery,52.57877403298626,3,red,0.1,True,False
616,45,packaging,68.62877403298626,4,red,0.1,True,False
617,0,rest,25.863593034527444,2,green,5.0,False,False
617,15,hmi_supervision,35.913593034527445,2,orange,2.0,False,False
617,30,material_delivery,49.86359303452745,3,red,0.1,True,False
617,45,packaging,65.91359303452745,4,red,0.1,True,False
618,0,rest,27.72816929394765,2,green,5.0,False,False
618,15,hmi_supervision,37.778169293947656,2,orange,2.0,False,False
618,30,material_delivery,51.72816929394766,3,red,0.1,True,False
618,45,packaging,67.77816929394766,4,red,0.1,True,False
619,0,rest,27.160247579030393,2,green,5.0,False,False
619,15,hmi_supervision,37.210247579030394,2,orange,2.0,False,False
619,30,material_delivery,51.1602475790304,3,red,0.1,True,False
619,45,packaging,67.2102475790304,4,red,0.1,True,False
620,0,rest,27.02898889320932,2,green,5.0,False,False
620,15,hmi_supervision,37.07898889320932,2,orange,2.0,False,False
620,30,material_delivery,51.02898889320932,3,red,0.1,True,False
620,45,packaging,67.07898889320933,4,red,0.1,True,False
621,0,rest,28.87062009053389,2,green,5.0,False,False
621,15,hmi_supervision,38.92062009053389,2,orange,2.0,False,False
621,30,material_delivery,52.87062009053389,3,red,0.1,True,False
621,45,packaging,68.92062009053389,4,red,0.1,True,False
622,0,rest,27.96480956584061,2,green,5.0,False,False
622,15,hmi_supervision,38.01480956584061,2,orange,2.0,False,False
622,30,material_delivery,51.96480956584061,3,red,0.1,True,False
622,45,packaging,68.01480956584061,4,red,0.1,True,False
623,0,rest,28.35778062041734,2,green,5.0,False,False
623,15,hmi_supervision,38.40778062041734,2,orange,2.0,False,False
623,30,material_delivery,52.357780620417344,3,red,0.1,True,False
623,45,packaging,68.40778062041734,4,red,0.1,True,False
624,0,rest,28.05761641829519,2,green,5.0,False,False
624,15,hmi_supervision,38.107616418295194,2,orange,2.0,False,False
624,30,material_delivery,52.0576164182952,3,red,0.1,True,False
624,45,packaging,68.1076164182952,4,red,0.1,True,False
625,0,rest,27.037755831858572,2,green,5.0,False,False
625,15,hmi_supervision,37.08775583185857,2,orange,2.0,False,False
625,30,material_delivery,51.037755831858576,3,red,0.1,True,False
625,45,packaging,67.08775583185857,4,red,0.1,True,False
626,0,rest,26.832563576005185,2,green,5.0,False,False
626,15,hmi_supervision,36.88256357600518,2,orange,2.0,False,False
626,30,material_delivery,50.832563576005185,3,red,0.1,True,False
626,45,packaging,66.88256357600518,4,red,0.1,True,False
627,0,rest,27.678913629275566,2,green,5.0,False,False
627,15,hmi_supervision,37.72891362927557,2,orange,2.0,False,False
627,30,material_delivery,51.67891362927557,3,red,0.1,True,False
627,45,packaging,67.72891362927557,4,red,0.1,True,False
628,0,rest,27.738510899194104,2,green,5.0,False,False
628,15,hmi_supervision,37.78851089919411,2,orange,2.0,False,False
628,30,material_delivery,51.73851089919411,3,red,0.1,True,False
628,45,packaging,67.78851089919411,4,red,0.1,True,False
629,0,rest,27.73805672176118,2,green,5.0,False,False
629,15,hmi_supervision,37.78805672176118,2,orange,2.0,False,False
629,30,material_delivery,51.73805672176118,3,red,0.1,True,False
629,45,packaging,67.78805672176118,4,red,0.1,True,False
630,0,rest,27.75877371158696,2,green,5.0,False,False
630,15,hmi_supervision,37.808773711586966,2,orange,2.0,False,False
630,30,material_delivery,51.75877371158697,3,red,0.1,True,False
630,45,packaging,67.80877371158697,4,red,0.1,True,False
631,0,rest,29.55756098767063,2,green,5.0,False,False
631,15,hmi_supervision,39.60756098767063,2,orange,2.0,False,False
631,30,material_delivery,53.557560987670634,3,red,0.1,True,False
631,45,packaging,69.60756098767064,4,red,0.1,True,False
632,0,rest,28.77271259052388,2,green,5.0,False,False
632,15,hmi_supervision,38.82271259052388,2,orange,2.0,False,False
632,30,material_delivery,52.77271259052388,3,red,0.1,True,False
632,45,packaging,68.82271259052388,4,red,0.1,True,False
633,0,rest,28.179091869269886,2,green,5.0,False,False
633,15,hmi_supervision,38.22909186926989,2,orange,2.0,False,False
633,30,material_delivery,52.17909186926989,3,red,0.1,True,False
633,45,packaging,68.2290918692699,4,red,0.1,True,False
634,0,rest,27.946299055439454,2,green,5.0,False,False
634,15,hmi_supervision,37.99629905543945,2,orange,2.0,False,False
634,30,material_delivery,51.946299055439454,3,red,0.1,True,False
634,45,packaging,67.99629905543945,4,red,0.1,True,False
635,0,rest,27.972083322617618,2,green,5.0,False,False
635,15,hmi_supervision,38.02208332261762,2,orange,2.0,False,False
635,30,material_delivery,51.97208332261762,3,red,0.1,True,False
635,45,packaging,68.02208332261762,4,red,0.1,True,False
636,0,rest,28.549480057911683,2,green,5.0,False,False
636,15,hmi_supervision,38.599480057911684,2,orange,2.0,False,False
636,30,material_delivery,52.54948005791169,3,red,0.1,True,False
636,45,packaging,68.59948005791169,4,red,0.1,True,False
637,0,rest,27.939462564918564,2,green,5.0,False,False
637,15,hmi_supervision,37.98946256491857,2,orange,2.0,False,False
637,30,material_delivery,51.93946256491857,3,red,0.1,True,False
637,45,packaging,67.98946256491857,4,red,0.1,True,False
638,0,rest,28.68724575602686,2,green,5.0,False,False
638,15,hmi_supervision,38.737245756026866,2,orange,2.0,False,False
638,30,material_delivery,52.68724575602687,3,red,0.1,True,False
638,45,packaging,68.73724575602687,4,red,0.1,True,False
639,0,rest,28.259866356923496,2,green,5.0,False,False
639,15,hmi_supervision,38.30986635692349,2,orange,2.0,False,False
639,30,material_delivery,52.259866356923496,3,red,0.1,True,False
639,45,packaging,68.3098663569235,4,red,0.1,True,False
640,0,rest,29.566281028585546,2,green,5.0,False,False
640,15,hmi_supervision,39.61628102858555,2,orange,2.0,False,False
640,30,material_delivery,53.56628102858555,3,red,0.1,True,False
640,45,packaging,69.61628102858555,4,red,0.1,True,False
641,0,rest,27.89530777888362,2,green,5.0,False,False
641,15,hmi_supervision,37.94530777888362,2,orange,2.0,False,False
641,30,material_delivery,51.89530777888362,3,red,0.1,True,False
641,45,packaging,67.94530777888362,4,red,0.1,True,False
642,0,rest,28.831137112553137,2,green,5.0,False,False
642,15,hmi_supervision,38.881137112553134,2,orange,2.0,False,False
642,30,material_delivery,52.83113711255314,3,red,0.1,True,False
642,45,packaging,68.88113711255313,4,red,0.1,True,False
643,0,rest,27.22007055465585,2,green,5.0,False,False
643,15,hmi_supervision,37.27007055465585,2,orange,2.0,False,False
643,30,material_delivery,51.220070554655855,3,red,0.1,True,False
643,45,packaging,67.27007055465586,4,red,0.1,True,False
644,0,rest,27.532173279478148,2,green,5.0,False,False
644,15,hmi_supervision,37.58217327947815,2,orange,2.0,False,False
644,30,material_delivery,51.53217327947815,3,red,0.1,True,False
644,45,packaging,67.58217327947816,4,red,0.1,True,False
645,0,rest,29.43552351540009,2,green,5.0,False,False
645,15,hmi_supervision,39.48552351540009,2,orange,2.0,False,False
645,30,material_delivery,53.43552351540009,3,red,0.1,True,False
645,45,packaging,69.48552351540009,4,red,0.1,True,False
646,0,rest,28.652550798016566,2,green,5.0,False,False
646,15,hmi_supervision,38.70255079801657,2,orange,2.0,False,False
646,30,material_delivery,52.65255079801657,3,red,0.1,True,False
646,45,packaging,68.70255079801657,4,red,0.1,True,False
647,0,rest,28.371761415979453,2,green,5.0,False,False
647,15,hmi_supervision,38.421761415979454,2,orange,2.0,False,False
647,30,material_delivery,52.371761415979456,3,red,0.1,True,False
647,45,packaging,68.42176141597946,4,red,0.1,True,False
648,0,rest,29.802561688928705,2,green,5.0,False,False
648,15,hmi_supervision,39.8525616889287,2,orange,2.0,False,False
648,30,material_delivery,53.802561688928705,3,red,0.1,True,False
648,45,packaging,69.8525616889287,4,red,0.1,True,False
649,0,rest,27.956785902224812,2,green,5.0,False,False
649,15,hmi_supervision,38.00678590222481,2,orange,2.0,False,False
649,30,material_delivery,51.956785902224816,3,red,0.1,True,False
649,45,packaging,68.00678590222482,4,red,0.1,True,False
650,0,rest,28.829144449718488,2,green,5.0,False,False
650,15,hmi_supervision,38.87914444971849,2,orange,2.0,False,False
650,30,material_delivery,52.82914444971849,3,red,0.1,True,False
650,45,packaging,68.8791444497185,4,red,0.1,True,False
651,0,rest,28.890272729170285,2,green,5.0,False,False
651,15,hmi_supervision,38.94027272917029,2,orange,2.0,False,False
651,30,material_delivery,52.89027272917029,3,red,0.1,True,False
651,45,packaging,68.94027272917029,4,red,0.1,True,False
652,0,rest,29.225073649225823,2,green,5.0,False,False
652,15,hmi_supervision,39.275073649225824,2,orange,2.0,False,False
652,30,material_delivery,53.22507364922583,3,red,0.1,True,False
652,45,packaging,69.27507364922583,4,red,0.1,True,False
653,0,rest,27.140240955235985,2,green,5.0,False,False
653,15,hmi_supervision,37.190240955235986,2,orange,2.0,False,False
653,30,material_delivery,51.14024095523599,3,red,0.1,True,False
653,45,packaging,67.19024095523599,4,red,0.1,True,False
654,0,rest,27.951896240055255,2,green,5.0,False,False
654,15,hmi_supervision,38.00189624005526,2,orange,2.0,False,False
654,30,material_delivery,51.95189624005526,3,red,0.1,True,False
654,45,packaging,68.00189624005526,4,red,0.1,True,False
655,0,rest,28.24657180772761,2,green,5.0,False,False
655,15,hmi_supervision,38.29657180772761,2,orange,2.0,False,False
655,30,material_delivery,52.24657180772761,3,red,0.1,True,False
655,45,packaging,68.29657180772762,4,red,0.1,True,False
656,0,rest,29.210283451793984,2,green,5.0,False,False
656,15,hmi_supervision,39.26028345179398,2,orange,2.0,False,False
656,30,material_delivery,53.210283451793984,3,red,0.1,True,False
656,45,packaging,69.26028345179398,4,red,0.1,True,False
657,0,rest,28.340150726135484,2,green,5.0,False,False
657,15,hmi_supervision,38.39015072613549,2,orange,2.0,False,False
657,30,material_delivery,52.34015072613549,3,red,0.1,True,False
657,45,packaging,68.39015072613549,4,red,0.1,True,False
658,0,rest,28.89210286669348,2,green,5.0,False,False
658,15,hmi_supervision,38.94210286669348,2,orange,2.0,False,False
658,30,material_delivery,52.892102866693484,3,red,0.1,True,False
658,45,packaging,68.94210286669349,4,red,0.1,True,False
659,0,rest,27.079294138647256,2,green,5.0,False,False
659,15,hmi_supervision,37.12929413864725,2,orange,2.0,False,False
659,30,material_delivery,51.079294138647256,3,red,0.1,True,False
659,45,packaging,67.12929413864725,4,red,0.1,True,False
660,0,rest,27.776827372480007,2,green,5.0,False,False
660,15,hmi_supervision,37.82682737248001,2,orange,2.0,False,False
660,30,material_delivery,51.776827372480014,3,red,0.1,True,False
660,45,packaging,67.82682737248001,4,red,0.1,True,False
661,0,rest,29.031780109983714,2,green,5.0,False,False
661,15,hmi_supervision,39.08178010998371,2,orange,2.0,False,False
661,30,material_delivery,53.031780109983714,3,red,0.1,True,False
661,45,packaging,69.08178010998371,4,red,0.1,True,False
662,0,rest,27.870196131787097,2,green,5.0,False,False
662,15,hmi_supervision,37.920196131787094,2,orange,2.0,False,False
662,30,material_delivery,51.8701961317871,3,red,0.1,True,False
662,45,packaging,67.9201961317871,4,red,0.1,True,False
663,0,rest,28.0116842856861,2,green,5.0,False,False
663,15,hmi_supervision,38.0616842856861,2,orange,2.0,False,False
663,30,material_delivery,52.0116842856861,3,red,0.1,True,False
663,45,packaging,68.0616842856861,4,red,0.1,True,False
664,0,rest,29.19587879741873,2,green,5.0,False,False
664,15,hmi_supervision,39.245878797418726,2,orange,2.0,False,False
664,30,material_delivery,53.19587879741873,3,red,0.1,True,False
664,45,packaging,69.24587879741873,4,red,0.1,True,False
665,0,rest,27.364778988761255,2,green,5.0,False,False
665,15,hmi_supervision,37.414778988761256,2,orange,2.0,False,False
665,30,material_delivery,51.36477898876126,3,red,0.1,True,False
665,45,packaging,67.41477898876126,4,red,0.1,True,False
666,0,rest,27.520778689232873,2,green,5.0,False,False
666,15,hmi_supervision,37.570778689232874,2,orange,2.0,False,False
666,30,material_delivery,51.52077868923288,3,red,0.1,True,False
666,45,packaging,67.57077868923288,4,red,0.1,True,False
667,0,rest,27.007682654944375,2,green,5.0,False,False
667,15,hmi_supervision,37.05768265494437,2,orange,2.0,False,False
667,30,material_delivery,51.007682654944375,3,red,0.1,True,False
667,45,packaging,67.05768265494437,4,red,0.1,True,False
668,0,rest,29.231511370102275,2,green,5.0,False,False
668,15,hmi_supervision,39.28151137010228,2,orange,2.0,False,False
668,30,material_delivery,53.23151137010228,3,red,0.1,True,False
668,45,packaging,69.28151137010228,4,red,0.1,True,False
669,0,rest,28.757362817006975,2,green,5.0,False,False
669,15,hmi_supervision,38.807362817006975,2,orange,2.0,False,False
669,30,material_delivery,52.75736281700698,3,red,0.1,True,False
669,45,packaging,68.80736281700698,4,red,0.1,True,False
670,0,rest,28.736324115243697,2,green,5.0,False,False
670,15,hmi_supervision,38.7863241152437,2,orange,2.0,False,False
670,30,material_delivery,52.736324115243704,3,red,0.1,True,False
670,45,packaging,68.7863241152437,4,red,0.1,True,False
671,0,rest,27.756376462368532,2,green,5.0,False,False
671,15,hmi_supervision,37.80637646236853,2,orange,2.0,False,False
671,30,material_delivery,51.756376462368536,3,red,0.1,True,False
671,45,packaging,67.80637646236853,4,red,0.1,True,False
672,0,rest,26.957820649927303,2,green,5.0,False,False
672,15,hmi_supervision,37.007820649927304,2,orange,2.0,False,False
672,30,material_delivery,50.95782064992731,3,red,0.1,True,False
672,45,packaging,67.00782064992731,4,red,0.1,True,False
673,0,rest,26.765950939782332,2,green,5.0,False,False
673,15,hmi_supervision,36.81595093978233,2,orange,2.0,False,False
673,30,material_delivery,50.765950939782336,3,red,0.1,True,False
673,45,packaging,66.81595093978234,4,red,0.1,True,False
674,0,rest,29.03820461388289,2,green,5.0,False,False
674,15,hmi_supervision,39.088204613882894,2,orange,2.0,False,False
674,30,material_delivery,53.0382046138829,3,red,0.1,True,False
674,45,packaging,69.0882046138829,4,red,0.1,True,False
675,0,rest,28.42293184003927,2,green,5.0,False,False
675,15,hmi_supervision,38.472931840039266,2,orange,2.0,False,False
675,30,material_delivery,52.42293184003927,3,red,0.1,True,False
675,45,packaging,68.47293184003927,4,red,0.1,True,False
676,0,rest,28.569196442340075,2,green,5.0,False,False
676,15,hmi_supervision,38.619196442340076,2,orange,2.0,False,False
676,30,material_delivery,52.56919644234008,3,red,0.1,True,False
676,45,packaging,68.61919644234008,4,red,0.1,True,False
677,0,rest,28.21089356797703,2,green,5.0,False,False
677,15,hmi_supervision,38.260893567977035,2,orange,2.0,False,False
677,30,material_delivery,52.21089356797704,3,red,0.1,True,False
677,45,packaging,68.26089356797704,4,red,0.1,True,False
678,0,rest,27.434526558349994,2,green,5.0,False,False
678,15,hmi_supervision,37.48452655835,2,orange,2.0,False,False
678,30,material_delivery,51.43452655835,3,red,0.1,True,False
678,45,packaging,67.48452655835,4,red,0.1,True,False
679,0,rest,27.789493692349918,2,green,5.0,False,False
679,15,hmi_supervision,37.83949369234992,2,orange,2.0,False,False
679,30,material_delivery,51.78949369234992,3,red,0.1,True,False
679,45,packaging,67.83949369234992,4,red,0.1,True,False
680,0,rest,27.25855666963681,2,green,5.0,False,False
680,15,hmi_supervision,37.308556669636815,2,orange,2.0,False,False
680,30,material_delivery,51.25855666963682,3,red,0.1,True,False
680,45,packaging,67.30855666963681,4,red,0.1,True,False
681,0,rest,27.172308012088173,2,green,5.0,False,False
681,15,hmi_supervision,37.22230801208818,2,orange,2.0,False,False
681,30,material_delivery,51.17230801208818,3,red,0.1,True,False
681,45,packaging,67.22230801208818,4,red,0.1,True,False
682,0,rest,28.688737454501734,2,green,5.0,False,False
682,15,hmi_supervision,38.73873745450173,2,orange,2.0,False,False
682,30,material_delivery,52.688737454501734,3,red,0.1,True,False
682,45,packaging,68.73873745450173,4,red,0.1,True,False
683,0,rest,26.822124547282616,2,green,5.0,False,False
683,15,hmi_supervision,36.87212454728262,2,orange,2.0,False,False
683,30,material_delivery,50.82212454728262,3,red,0.1,True,False
683,45,packaging,66.87212454728262,4,red,0.1,True,False
684,0,rest,27.263134454846266,2,green,5.0,False,False
684,15,hmi_supervision,37.313134454846264,2,orange,2.0,False,False
684,30,material_delivery,51.263134454846266,3,red,0.1,True,False
684,45,packaging,67.31313445484626,4,red,0.1,True,False
685,0,rest,27.831525137502233,2,green,5.0,False,False
685,15,hmi_supervision,37.88152513750224,2,orange,2.0,False,False
685,30,material_delivery,51.83152513750224,3,red,0.1,True,False
685,45,packaging,67.88152513750224,4,red,0.1,True,False
686,0,rest,28.07903162960947,2,green,5.0,False,False
686,15,hmi_supervision,38.12903162960947,2,orange,2.0,False,False
686,30,material_delivery,52.079031629609474,3,red,0.1,True,False
686,45,packaging,68.12903162960947,4,red,0.1,True,False
687,0,rest,26.999480878811347,2,green,5.0,False,False
687,15,hmi_supervision,37.04948087881135,2,orange,2.0,False,False
687,30,material_delivery,50.999480878811355,3,red,0.1,True,False
687,45,packaging,67.04948087881135,4,red,0.1,True,False
688,0,rest,26.805254699851247,2,green,5.0,False,False
688,15,hmi_supervision,36.855254699851244,2,orange,2.0,False,False
688,30,material_delivery,50.80525469985125,3,red,0.1,True,False
688,45,packaging,66.85525469985124,4,red,0.1,True,False
689,0,rest,28.3303560534703,2,green,5.0,False,False
689,15,hmi_supervision,38.3803560534703,2,orange,2.0,False,False
689,30,material_delivery,52.330356053470304,3,red,0.1,True,False
689,45,packaging,68.38035605347031,4,red,0.1,True,False
690,0,rest,28.167935600548496,2,green,5.0,False,False
690,15,hmi_supervision,38.2179356005485,2,orange,2.0,False,False
690,30,material_delivery,52.1679356005485,3,red,0.1,True,False
690,45,packaging,68.2179356005485,4,red,0.1,True,False
691,0,rest,29.023105322480383,2,green,5.0,False,False
691,15,hmi_supervision,39.07310532248039,2,orange,2.0,False,False
691,30,material_delivery,53.02310532248039,3,red,0.1,True,False
691,45,packaging,69.07310532248039,4,red,0.1,True,False
692,0,rest,28.091723127274214,2,green,5.0,False,False
692,15,hmi_supervision,38.14172312727422,2,orange,2.0,False,False
692,30,material_delivery,52.09172312727422,3,red,0.1,True,False
692,45,packaging,68.14172312727422,4,red,0.1,True,False
693,0,rest,28.40747352177729,2,green,5.0,False,False
693,15,hmi_supervision,38.45747352177729,2,orange,2.0,False,False
693,30,material_delivery,52.40747352177729,3,red,0.1,True,False
693,45,packaging,68.45747352177729,4,red,0.1,True,False
694,0,rest,27.473506234144935,2,green,5.0,False,False
694,15,hmi_supervision,37.52350623414493,2,orange,2.0,False,False
694,30,material_delivery,51.473506234144935,3,red,0.1,True,False
694,45,packaging,67.52350623414493,4,red,0.1,True,False
695,0,rest,27.50282431183679,2,green,5.0,False,False
695,15,hmi_supervision,37.55282431183679,2,orange,2.0,False,False
695,30,material_delivery,51.50282431183679,3,red,0.1,True,False
695,45,packaging,67.55282431183679,4,red,0.1,True,False
696,0,rest,27.067102573456538,2,green,5.0,False,False
696,15,hmi_supervision,37.117102573456535,2,orange,2.0,False,False
696,30,material_delivery,51.06710257345654,3,red,0.1,True,False
696,45,packaging,67.11710257345653,4,red,0.1,True,False
697,0,rest,27.480321101653068,2,green,5.0,False,False
697,15,hmi_supervision,37.53032110165307,2,orange,2.0,False,False
697,30,material_delivery,51.480321101653075,3,red,0.1,True,False
697,45,packaging,67.53032110165307,4,red,0.1,True,False
698,0,rest,27.77878774128098,2,green,5.0,False,False
698,15,hmi_supervision,37.828787741280976,2,orange,2.0,False,False
698,30,material_delivery,51.77878774128098,3,red,0.1,True,False
698,45,packaging,67.82878774128098,4,red,0.1,True,False
699,0,rest,28.9358065545053,2,green,5.0,False,False
699,15,hmi_supervision,38.9858065545053,2,orange,2.0,False,False
699,30,material_delivery,52.935806554505305,3,red,0.1,True,False
699,45,packaging,68.9858065545053,4,red,0.1,True,False
700,0,rest,27.373489710055182,2,green,5.0,False,False
700,15,hmi_supervision,37.42348971005518,2,orange,2.0,False,False
700,30,material_delivery,51.37348971005518,3,red,0.1,True,False
700,45,packaging,67.42348971005518,4,red,0.1,True,False
701,0,rest,29.60886184583004,2,green,5.0,False,False
701,15,hmi_supervision,39.658861845830046,2,orange,2.0,False,False
701,30,material_delivery,53.60886184583005,3,red,0.1,True,False
701,45,packaging,69.65886184583005,4,red,0.1,True,False
702,0,rest,28.475332660699074,2,green,5.0,False,False
702,15,hmi_supervision,38.52533266069908,2,orange,2.0,False,False
702,30,material_delivery,52.47533266069908,3,red,0.1,True,False
702,45,packaging,68.52533266069908,4,red,0.1,True,False
703,0,rest,28.310349323088623,2,green,5.0,False,False
703,15,hmi_supervision,38.36034932308863,2,orange,2.0,False,False
703,30,material_delivery,52.31034932308863,3,red,0.1,True,False
703,45,packaging,68.36034932308863,4,red,0.1,True,False
704,0,rest,28.032858603984334,2,green,5.0,False,False
704,15,hmi_supervision,38.082858603984334,2,orange,2.0,False,False
704,30,material_delivery,52.03285860398434,3,red,0.1,True,False
704,45,packaging,68.08285860398433,4,red,0.1,True,False
705,0,rest,27.889748498778633,2,green,5.0,False,False
705,15,hmi_supervision,37.939748498778634,2,orange,2.0,False,False
705,30,material_delivery,51.88974849877864,3,red,0.1,True,False
705,45,packaging,67.93974849877864,4,red,0.1,True,False
706,0,rest,27.581881161244127,2,green,5.0,False,False
706,15,hmi_supervision,37.631881161244124,2,orange,2.0,False,False
706,30,material_delivery,51.58188116124413,3,red,0.1,True,False
706,45,packaging,67.63188116124412,4,red,0.1,True,False
707,0,rest,26.972647765315692,2,green,5.0,False,False
707,15,hmi_supervision,37.022647765315696,2,orange,2.0,False,False
707,30,material_delivery,50.9726477653157,3,red,0.1,True,False
707,45,packaging,67.0226477653157,4,red,0.1,True,False
708,0,rest,27.3972440740227,2,green,5.0,False,False
708,15,hmi_supervision,37.447244074022706,2,orange,2.0,False,False
708,30,material_delivery,51.39724407402271,3,red,0.1,True,False
708,45,packaging,67.4472440740227,4,red,0.1,True,False
709,0,rest,29.22933760408305,2,green,5.0,False,False
709,15,hmi_supervision,39.279337604083054,2,orange,2.0,False,False
709,30,material_delivery,53.22933760408306,3,red,0.1,True,False
709,45,packaging,69.27933760408305,4,red,0.1,True,False
710,0,rest,28.426737309388958,2,green,5.0,False,False
710,15,hmi_supervision,38.47673730938896,2,orange,2.0,False,False
710,30,material_delivery,52.42673730938896,3,red,0.1,True,False
710,45,packaging,68.47673730938897,4,red,0.1,True,False
711,0,rest,29.221297467346403,2,green,5.0,False,False
711,15,hmi_supervision,39.2712974673464,2,orange,2.0,False,False
711,30,material_delivery,53.2212974673464,3,red,0.1,True,False
711,45,packaging,69.2712974673464,4,red,0.1,True,False
712,0,rest,27.563739314538516,2,green,5.0,False,False
712,15,hmi_supervision,37.61373931453852,2,orange,2.0,False,False
712,30,material_delivery,51.56373931453852,3,red,0.1,True,False
712,45,packaging,67.61373931453852,4,red,0.1,True,False
713,0,rest,27.23893245198035,2,green,5.0,False,False
713,15,hmi_supervision,37.28893245198035,2,orange,2.0,False,False
713,30,material_delivery,51.238932451980354,3,red,0.1,True,False
713,45,packaging,67.28893245198036,4,red,0.1,True,False
714,0,rest,28.02556260119442,2,green,5.0,False,False
714,15,hmi_supervision,38.07556260119442,2,orange,2.0,False,False
714,30,material_delivery,52.02556260119442,3,red,0.1,True,False
714,45,packaging,68.07556260119442,4,red,0.1,True,False
715,0,rest,27.422520076706018,2,green,5.0,False,False
715,15,hmi_supervision,37.47252007670602,2,orange,2.0,False,False
715,30,material_delivery,51.42252007670602,3,red,0.1,True,False
715,45,packaging,67.47252007670602,4,red,0.1,True,False
716,0,rest,28.17533943384306,2,green,5.0,False,False
716,15,hmi_supervision,38.22533943384306,2,orange,2.0,False,False
716,30,material_delivery,52.175339433843064,3,red,0.1,True,False
716,45,packaging,68.22533943384306,4,red,0.1,True,False
717,0,rest,26.83307826534728,2,green,5.0,False,False
717,15,hmi_supervision,36.88307826534728,2,orange,2.0,False,False
717,30,material_delivery,50.83307826534728,3,red,0.1,True,False
717,45,packaging,66.88307826534728,4,red,0.1,True,False
718,0,rest,26.504698268071408,2,green,5.0,False,False
718,15,hmi_supervision,36.554698268071405,2,orange,2.0,False,False
718,30,material_delivery,50.50469826807141,3,red,0.1,True,False
718,45,packaging,66.5546982680714,4,red,0.1,True,False
719,0,rest,28.28054242738568,2,green,5.0,False,False
719,15,hmi_supervision,38.33054242738568,2,orange,2.0,False,False
719,30,material_delivery,52.28054242738568,3,red,0.1,True,False
719,45,packaging,68.33054242738568,4,red,0.1,True,False
720,0,rest,29.25442929012828,2,green,5.0,False,False
720,15,hmi_supervision,39.30442929012828,2,orange,2.0,False,False
720,30,material_delivery,53.254429290128286,3,red,0.1,True,False
720,45,packaging,69.30442929012828,4,red,0.1,True,False
721,0,rest,28.314264257024533,2,green,5.0,False,False
721,15,hmi_supervision,38.36426425702453,2,orange,2.0,False,False
721,30,material_delivery,52.31426425702453,3,red,0.1,True,False
721,45,packaging,68.36426425702453,4,red,0.1,True,False
722,0,rest,28.41874518439129,2,green,5.0,False,False
722,15,hmi_supervision,38.468745184391295,2,orange,2.0,False,False
722,30,material_delivery,52.4187451843913,3,red,0.1,True,False
722,45,packaging,68.4687451843913,4,red,0.1,True,False
723,0,rest,28.05700404355931,2,green,5.0,False,False
723,15,hmi_supervision,38.107004043559314,2,orange,2.0,False,False
723,30,material_delivery,52.05700404355932,3,red,0.1,True,False
723,45,packaging,68.10700404355931,4,red,0.1,True,False
724,0,rest,28.127020618027057,2,green,5.0,False,False
724,15,hmi_supervision,38.17702061802706,2,orange,2.0,False,False
724,30,material_delivery,52.12702061802706,3,red,0.1,True,False
724,45,packaging,68.17702061802706,4,red,0.1,True,False
725,0,rest,26.939714127321263,2,green,5.0,False,False
725,15,hmi_supervision,36.989714127321264,2,orange,2.0,False,False
725,30,material_delivery,50.93971412732127,3,red,0.1,True,False
725,45,packaging,66.98971412732126,4,red,0.1,True,False
726,0,rest,27.448352543057673,2,green,5.0,False,False
726,15,hmi_supervision,37.49835254305768,2,orange,2.0,False,False
726,30,material_delivery,51.44835254305768,3,red,0.1,True,False
726,45,packaging,67.49835254305768,4,red,0.1,True,False
727,0,rest,28.927069881407828,2,green,5.0,False,False
727,15,hmi_supervision,38.97706988140783,2,orange,2.0,False,False
727,30,material_delivery,52.92706988140783,3,red,0.1,True,False
727,45,packaging,68.97706988140783,4,red,0.1,True,False
728,0,rest,27.180765426495565,2,green,5.0,False,False
728,15,hmi_supervision,37.230765426495566,2,orange,2.0,False,False
728,30,material_delivery,51.18076542649557,3,red,0.1,True,False
728,45,packaging,67.23076542649557,4,red,0.1,True,False
729,0,rest,27.7626936627289,2,green,5.0,False,False
729,15,hmi_supervision,37.812693662728904,2,orange,2.0,False,False
729,30,material_delivery,51.76269366272891,3,red,0.1,True,False
729,45,packaging,67.8126936627289,4,red,0.1,True,False
730,0,rest,28.909823274984387,2,green,5.0,False,False
730,15,hmi_supervision,38.95982327498439,2,orange,2.0,False,False
730,30,material_delivery,52.90982327498439,3,red,0.1,True,False
730,45,packaging,68.95982327498439,4,red,0.1,True,False
731,0,rest,28.10628768522993,2,green,5.0,False,False
731,15,hmi_supervision,38.15628768522993,2,orange,2.0,False,False
731,30,material_delivery,52.10628768522993,3,red,0.1,True,False
731,45,packaging,68.15628768522993,4,red,0.1,True,False
732,0,rest,28.144036837367523,2,green,5.0,False,False
732,15,hmi_supervision,38.19403683736752,2,orange,2.0,False,False
732,30,material_delivery,52.14403683736752,3,red,0.1,True,False
732,45,packaging,68.19403683736752,4,red,0.1,True,False
733,0,rest,27.768162651848122,2,green,5.0,False,False
733,15,hmi_supervision,37.81816265184813,2,orange,2.0,False,False
733,30,material_delivery,51.76816265184813,3,red,0.1,True,False
733,45,packaging,67.81816265184813,4,red,0.1,True,False
734,0,rest,28.531081507516443,2,green,5.0,False,False
734,15,hmi_supervision,38.581081507516444,2,orange,2.0,False,False
734,30,material_delivery,52.53108150751645,3,red,0.1,True,False
734,45,packaging,68.58108150751644,4,red,0.1,True,False
735,0,rest,28.71752673759594,2,green,5.0,False,False
735,15,hmi_supervision,38.767526737595944,2,orange,2.0,False,False
735,30,material_delivery,52.717526737595946,3,red,0.1,True,False
735,45,packaging,68.76752673759594,4,red,0.1,True,False
736,0,rest,27.41050790461904,2,green,5.0,False,False
736,15,hmi_supervision,37.460507904619035,2,orange,2.0,False,False
736,30,material_delivery,51.41050790461904,3,red,0.1,True,False
736,45,packaging,67.46050790461904,4,red,0.1,True,False
737,0,rest,27.001575284831667,2,green,5.0,False,False
737,15,hmi_supervision,37.05157528483167,2,orange,2.0,False,False
737,30,material_delivery,51.001575284831674,3,red,0.1,True,False
737,45,packaging,67.05157528483167,4,red,0.1,True,False
738,0,rest,26.622845970172527,2,green,5.0,False,False
738,15,hmi_supervision,36.67284597017253,2,orange,2.0,False,False
738,30,material_delivery,50.622845970172534,3,red,0.1,True,False
738,45,packaging,66.67284597017253,4,red,0.1,True,False
739,0,rest,28.38099349518441,2,green,5.0,False,False
739,15,hmi_supervision,38.43099349518441,2,orange,2.0,False,False
739,30,material_delivery,52.38099349518441,3,red,0.1,True,False
739,45,packaging,68.43099349518441,4,red,0.1,True,False
740,0,rest,28.291433953398222,2,green,5.0,False,False
740,15,hmi_supervision,38.34143395339822,2,orange,2.0,False,False
740,30,material_delivery,52.291433953398226,3,red,0.1,True,False
740,45,packaging,68.34143395339822,4,red,0.1,True,False
741,0,rest,29.869749638074595,2,green,5.0,False,False
741,15,hmi_supervision,39.91974963807459,2,orange,2.0,False,False
741,30,material_delivery,53.869749638074595,3,red,0.1,True,False
741,45,packaging,69.91974963807459,4,red,0.1,True,False
742,0,rest,28.061372018910674,2,green,5.0,False,False
742,15,hmi_supervision,38.11137201891067,2,orange,2.0,False,False
742,30,material_delivery,52.061372018910674,3,red,0.1,True,False
742,45,packaging,68.11137201891067,4,red,0.1,True,False
743,0,rest,27.925832760106644,2,green,5.0,False,False
743,15,hmi_supervision,37.97583276010664,2,orange,2.0,False,False
743,30,material_delivery,51.925832760106644,3,red,0.1,True,False
743,45,packaging,67.97583276010664,4,red,0.1,True,False
744,0,rest,28.200544235553927,2,green,5.0,False,False
744,15,hmi_supervision,38.25054423555393,2,orange,2.0,False,False
744,30,material_delivery,52.200544235553934,3,red,0.1,True,False
744,45,packaging,68.25054423555393,4,red,0.1,True,False
745,0,rest,28.24127335464701,2,green,5.0,False,False
745,15,hmi_supervision,38.29127335464701,2,orange,2.0,False,False
745,30,material_delivery,52.241273354647014,3,red,0.1,True,False
745,45,packaging,68.29127335464702,4,red,0.1,True,False
746,0,rest,27.868780182478442,2,green,5.0,False,False
746,15,hmi_supervision,37.91878018247844,2,orange,2.0,False,False
746,30,material_delivery,51.868780182478446,3,red,0.1,True,False
746,45,packaging,67.91878018247844,4,red,0.1,True,False
747,0,rest,27.433191130380365,2,green,5.0,False,False
747,15,hmi_supervision,37.48319113038036,2,orange,2.0,False,False
747,30,material_delivery,51.433191130380365,3,red,0.1,True,False
747,45,packaging,67.48319113038036,4,red,0.1,True,False
748,0,rest,28.021135868026846,2,green,5.0,False,False
748,15,hmi_supervision,38.07113586802684,2,orange,2.0,False,False
748,30,material_delivery,52.021135868026846,3,red,0.1,True,False
748,45,packaging,68.07113586802684,4,red,0.1,True,False
749,0,rest,27.993160752516847,2,green,5.0,False,False
749,15,hmi_supervision,38.04316075251685,2,orange,2.0,False,False
749,30,material_delivery,51.99316075251685,3,red,0.1,True,False
749,45,packaging,68.04316075251685,4,red,0.1,True,False
750,0,rest,27.981229780941142,2,green,5.0,False,False
750,15,hmi_supervision,38.031229780941146,2,orange,2.0,False,False
750,30,material_delivery,51.98122978094115,3,red,0.1,True,False
750,45,packaging,68.03122978094115,4,red,0.1,True,False
751,0,rest,28.613324724400215,2,green,5.0,False,False
751,15,hmi_supervision,38.66332472440021,2,orange,2.0,False,False
751,30,material_delivery,52.613324724400215,3,red,0.1,True,False
751,45,packaging,68.66332472440021,4,red,0.1,True,False
752,0,rest,28.007764464882534,2,green,5.0,False,False
752,15,hmi_supervision,38.05776446488254,2,orange,2.0,False,False
752,30,material_delivery,52.00776446488254,3,red,0.1,True,False
752,45,packaging,68.05776446488254,4,red,0.1,True,False
753,0,rest,27.01612282573738,2,green,5.0,False,False
753,15,hmi_supervision,37.06612282573738,2,orange,2.0,False,False
753,30,material_delivery,51.01612282573738,3,red,0.1,True,False
753,45,packaging,67.06612282573738,4,red,0.1,True,False
754,0,rest,27.542865848380536,2,green,5.0,False,False
754,15,hmi_supervision,37.59286584838054,2,orange,2.0,False,False
754,30,material_delivery,51.54286584838054,3,red,0.1,True,False
754,45,packaging,67.59286584838054,4,red,0.1,True,False
755,0,rest,27.859771522760916,2,green,5.0,False,False
755,15,hmi_supervision,37.90977152276092,2,orange,2.0,False,False
755,30,material_delivery,51.85977152276092,3,red,0.1,True,False
755,45,packaging,67.90977152276092,4,red,0.1,True,False
756,0,rest,28.04248744367283,2,green,5.0,False,False
756,15,hmi_supervision,38.09248744367283,2,orange,2.0,False,False
756,30,material_delivery,52.04248744367283,3,red,0.1,True,False
756,45,packaging,68.09248744367284,4,red,0.1,True,False
757,0,rest,28.397269565767548,2,green,5.0,False,False
757,15,hmi_supervision,38.44726956576755,2,orange,2.0,False,False
757,30,material_delivery,52.39726956576755,3,red,0.1,True,False
757,45,packaging,68.44726956576756,4,red,0.1,True,False
758,0,rest,28.04835581110759,2,green,5.0,False,False
758,15,hmi_supervision,38.098355811107595,2,orange,2.0,False,False
758,30,material_delivery,52.0483558111076,3,red,0.1,True,False
758,45,packaging,68.0983558111076,4,red,0.1,True,False
759,0,rest,26.518400075234595,2,green,5.0,False,False
759,15,hmi_supervision,36.56840007523459,2,orange,2.0,False,False
759,30,material_delivery,50.518400075234595,3,red,0.1,True,False
759,45,packaging,66.56840007523459,4,red,0.1,True,False
760,0,rest,27.09272894286917,2,green,5.0,False,False
760,15,hmi_supervision,37.14272894286917,2,orange,2.0,False,False
760,30,material_delivery,51.09272894286917,3,red,0.1,True,False
760,45,packaging,67.14272894286917,4,red,0.1,True,False
761,0,rest,28.449946547497152,2,green,5.0,False,False
761,15,hmi_supervision,38.49994654749715,2,orange,2.0,False,False
761,30,material_delivery,52.449946547497156,3,red,0.1,True,False
761,45,packaging,68.49994654749716,4,red,0.1,True,False
762,0,rest,27.839917846802344,2,green,5.0,False,False
762,15,hmi_supervision,37.88991784680235,2,orange,2.0,False,False
762,30,material_delivery,51.83991784680235,3,red,0.1,True,False
762,45,packaging,67.88991784680235,4,red,0.1,True,False
763,0,rest,29.118044602637465,2,green,5.0,False,False
763,15,hmi_supervision,39.168044602637465,2,orange,2.0,False,False
763,30,material_delivery,53.11804460263747,3,red,0.1,True,False
763,45,packaging,69.16804460263747,4,red,0.1,True,False
764,0,rest,28.111500592901585,2,green,5.0,False,False
764,15,hmi_supervision,38.16150059290159,2,orange,2.0,False,False
764,30,material_delivery,52.11150059290159,3,red,0.1,True,False
764,45,packaging,68.16150059290159,4,red,0.1,True,False
765,0,rest,27.74718552166147,2,green,5.0,False,False
765,15,hmi_supervision,37.797185521661476,2,orange,2.0,False,False
765,30,material_delivery,51.74718552166148,3,red,0.1,True,False
765,45,packaging,67.79718552166148,4,red,0.1,True,False
766,0,rest,27.539948002344296,2,green,5.0,False,False
766,15,hmi_supervision,37.5899480023443,2,orange,2.0,False,False
766,30,material_delivery,51.5399480023443,3,red,0.1,True,False
766,45,packaging,67.5899480023443,4,red,0.1,True,False
767,0,rest,27.773147735133904,2,green,5.0,False,False
767,15,hmi_supervision,37.8231477351339,2,orange,2.0,False,False
767,30,material_delivery,51.773147735133904,3,red,0.1,True,False
767,45,packaging,67.8231477351339,4,red,0.1,True,False
768,0,rest,28.1204304857874,2,green,5.0,False,False
768,15,hmi_supervision,38.1704304857874,2,orange,2.0,False,False
768,30,material_delivery,52.1204304857874,3,red,0.1,True,False
768,45,packaging,68.1704304857874,4,red,0.1,True,False
769,0,rest,28.00228451511506,2,green,5.0,False,False
769,15,hmi_supervision,38.05228451511506,2,orange,2.0,False,False
769,30,material_delivery,52.002284515115065,3,red,0.1,True,False
769,45,packaging,68.05228451511506,4,red,0.1,True,False
770,0,rest,28.712165601580992,2,green,5.0,False,False
770,15,hmi_supervision,38.76216560158099,2,orange,2.0,False,False
770,30,material_delivery,52.71216560158099,3,red,0.1,True,False
770,45,packaging,68.76216560158099,4,red,0.1,True,False
771,0,rest,26.88632652366257,2,green,5.0,False,False
771,15,hmi_supervision,36.93632652366257,2,orange,2.0,False,False
771,30,material_delivery,50.886326523662575,3,red,0.1,True,False
771,45,packaging,66.93632652366257,4,red,0.1,True,False
772,0,rest,26.974840976188435,2,green,5.0,False,False
772,15,hmi_supervision,37.024840976188436,2,orange,2.0,False,False
772,30,material_delivery,50.97484097618844,3,red,0.1,True,False
772,45,packaging,67.02484097618844,4,red,0.1,True,False
773,0,rest,27.83142594858049,2,green,5.0,False,False
773,15,hmi_supervision,37.881425948580485,2,orange,2.0,False,False
773,30,material_delivery,51.83142594858049,3,red,0.1,True,False
773,45,packaging,67.88142594858049,4,red,0.1,True,False
774,0,rest,28.40609704615359,2,green,5.0,False,False
774,15,hmi_supervision,38.45609704615359,2,orange,2.0,False,False
774,30,material_delivery,52.40609704615359,3,red,0.1,True,False
774,45,packaging,68.45609704615359,4,red,0.1,True,False
775,0,rest,28.569366370226984,2,green,5.0,False,False
775,15,hmi_supervision,38.619366370226984,2,orange,2.0,False,False
775,30,material_delivery,52.56936637022699,3,red,0.1,True,False
775,45,packaging,68.61936637022698,4,red,0.1,True,False
776,0,rest,27.56761719945496,2,green,5.0,False,False
776,15,hmi_supervision,37.61761719945496,2,orange,2.0,False,False
776,30,material_delivery,51.567617199454965,3,red,0.1,True,False
776,45,packaging,67.61761719945497,4,red,0.1,True,False
777,0,rest,26.056718280891317,2,green,5.0,False,False
777,15,hmi_supervision,36.106718280891315,2,orange,2.0,False,False
777,30,material_delivery,50.05671828089132,3,red,0.1,True,False
777,45,packaging,66.10671828089131,4,red,0.1,True,False
778,0,rest,27.590316663810636,2,green,5.0,False,False
778,15,hmi_supervision,37.64031666381064,2,orange,2.0,False,False
778,30,material_delivery,51.59031666381064,3,red,0.1,True,False
778,45,packaging,67.64031666381064,4,red,0.1,True,False
779,0,rest,28.29385300405191,2,green,5.0,False,False
779,15,hmi_supervision,38.34385300405191,2,orange,2.0,False,False
779,30,material_delivery,52.29385300405191,3,red,0.1,True,False
779,45,packaging,68.34385300405191,4,red,0.1,True,False
780,0,rest,27.988517613120255,2,green,5.0,False,False
780,15,hmi_supervision,38.038517613120256,2,orange,2.0,False,False
780,30,material_delivery,51.98851761312026,3,red,0.1,True,False
780,45,packaging,68.03851761312026,4,red,0.1,True,False
781,0,rest,28.434468624700816,2,green,5.0,False,False
781,15,hmi_supervision,38.48446862470082,2,orange,2.0,False,False
781,30,material_delivery,52.43446862470082,3,red,0.1,True,False
781,45,packaging,68.48446862470082,4,red,0.1,True,False
782,0,rest,28.89742862624837,2,green,5.0,False,False
782,15,hmi_supervision,38.94742862624837,2,orange,2.0,False,False
782,30,material_delivery,52.89742862624837,3,red,0.1,True,False
782,45,packaging,68.94742862624837,4,red,0.1,True,False
783,0,rest,27.881102820229774,2,green,5.0,False,False
783,15,hmi_supervision,37.931102820229775,2,orange,2.0,False,False
783,30,material_delivery,51.88110282022978,3,red,0.1,True,False
783,45,packaging,67.93110282022978,4,red,0.1,True,False
784,0,rest,27.667538311606368,2,green,5.0,False,False
784,15,hmi_supervision,37.71753831160637,2,orange,2.0,False,False
784,30,material_delivery,51.66753831160637,3,red,0.1,True,False
784,45,packaging,67.71753831160638,4,red,0.1,True,False
785,0,rest,27.336397964479826,2,green,5.0,False,False
785,15,hmi_supervision,37.386397964479826,2,orange,2.0,False,False
785,30,material_delivery,51.33639796447983,3,red,0.1,True,False
785,45,packaging,67.38639796447983,4,red,0.1,True,False
786,0,rest,26.971074142801484,2,green,5.0,False,False
786,15,hmi_supervision,37.02107414280148,2,orange,2.0,False,False
786,30,material_delivery,50.971074142801484,3,red,0.1,True,False
786,45,packaging,67.02107414280148,4,red,0.1,True,False
787,0,rest,26.789828951592444,2,green,5.0,False,False
787,15,hmi_supervision,36.839828951592445,2,orange,2.0,False,False
787,30,material_delivery,50.78982895159245,3,red,0.1,True,False
787,45,packaging,66.83982895159245,4,red,0.1,True,False
788,0,rest,27.498195446005063,2,green,5.0,False,False
788,15,hmi_supervision,37.54819544600507,2,orange,2.0,False,False
788,30,material_delivery,51.49819544600507,3,red,0.1,True,False
788,45,packaging,67.54819544600507,4,red,0.1,True,False
789,0,rest,28.779928515547056,2,green,5.0,False,False
789,15,hmi_supervision,38.82992851554705,2,orange,2.0,False,False
789,30,material_delivery,52.779928515547056,3,red,0.1,True,False
789,45,packaging,68.82992851554705,4,red,0.1,True,False
790,0,rest,28.508444403504452,2,green,5.0,False,False
790,15,hmi_supervision,38.55844440350445,2,orange,2.0,False,False
790,30,material_delivery,52.508444403504456,3,red,0.1,True,False
790,45,packaging,68.55844440350445,4,red,0.1,True,False
791,0,rest,27.634066443890724,2,green,5.0,False,False
791,15,hmi_supervision,37.68406644389073,2,orange,2.0,False,False
791,30,material_delivery,51.63406644389073,3,red,0.1,True,False
791,45,packaging,67.68406644389073,4,red,0.1,True,False
792,0,rest,29.617981159949128,2,green,5.0,False,False
792,15,hmi_supervision,39.66798115994913,2,orange,2.0,False,False
792,30,material_delivery,53.61798115994913,3,red,0.1,True,False
792,45,packaging,69.66798115994914,4,red,0.1,True,False
793,0,rest,27.545713807747497,2,green,5.0,False,False
793,15,hmi_supervision,37.5957138077475,2,orange,2.0,False,False
793,30,material_delivery,51.545713807747504,3,red,0.1,True,False
793,45,packaging,67.5957138077475,4,red,0.1,True,False
794,0,rest,28.9763059670491,2,green,5.0,False,False
794,15,hmi_supervision,39.0263059670491,2,orange,2.0,False,False
794,30,material_delivery,52.9763059670491,3,red,0.1,True,False
794,45,packaging,69.0263059670491,4,red,0.1,True,False
795,0,rest,29.17113339754514,2,green,5.0,False,False
795,15,hmi_supervision,39.221133397545145,2,orange,2.0,False,False
795,30,material_delivery,53.17113339754515,3,red,0.1,True,False
795,45,packaging,69.22113339754515,4,red,0.1,True,False
796,0,rest,28.344979107204338,2,green,5.0,False,False
796,15,hmi_supervision,38.394979107204335,2,orange,2.0,False,False
796,30,material_delivery,52.34497910720434,3,red,0.1,True,False
796,45,packaging,68.39497910720434,4,red,0.1,True,False
797,0,rest,27.49171347268592,2,green,5.0,False,False
797,15,hmi_supervision,37.54171347268592,2,orange,2.0,False,False
797,30,material_delivery,51.49171347268592,3,red,0.1,True,False
797,45,packaging,67.54171347268593,4,red,0.1,True,False
798,0,rest,27.72600883651592,2,green,5.0,False,False
798,15,hmi_supervision,37.77600883651592,2,orange,2.0,False,False
798,30,material_delivery,51.72600883651592,3,red,0.1,True,False
798,45,packaging,67.77600883651593,4,red,0.1,True,False
799,0,rest,28.13851022939868,2,green,5.0,False,False
799,15,hmi_supervision,38.18851022939868,2,orange,2.0,False,False
799,30,material_delivery,52.13851022939868,3,red,0.1,True,False
799,45,packaging,68.18851022939869,4,red,0.1,True,False
800,0,rest,26.989655282852727,2,green,5.0,False,False
800,15,hmi_supervision,37.03965528285273,2,orange,2.0,False,False
800,30,material_delivery,50.98965528285273,3,red,0.1,True,False
800,45,packaging,67.03965528285273,4,red,0.1,True,False
801,0,rest,27.27128947111701,2,green,5.0,False,False
801,15,hmi_supervision,37.32128947111701,2,orange,2.0,False,False
801,30,material_delivery,51.271289471117015,3,red,0.1,True,False
801,45,packaging,67.32128947111701,4,red,0.1,True,False
802,0,rest,27.214816762988544,2,green,5.0,False,False
802,15,hmi_supervision,37.264816762988545,2,orange,2.0,False,False
802,30,material_delivery,51.21481676298855,3,red,0.1,True,False
802,45,packaging,67.26481676298854,4,red,0.1,True,False
803,0,rest,28.402489564395463,2,green,5.0,False,False
803,15,hmi_supervision,38.452489564395464,2,orange,2.0,False,False
803,30,material_delivery,52.40248956439547,3,red,0.1,True,False
803,45,packaging,68.45248956439546,4,red,0.1,True,False
804,0,rest,28.889278115997246,2,green,5.0,False,False
804,15,hmi_supervision,38.93927811599725,2,orange,2.0,False,False
804,30,material_delivery,52.88927811599725,3,red,0.1,True,False
804,45,packaging,68.93927811599725,4,red,0.1,True,False
805,0,rest,28.5392149829988,2,green,5.0,False,False
805,15,hmi_supervision,38.5892149829988,2,orange,2.0,False,False
805,30,material_delivery,52.5392149829988,3,red,0.1,True,False
805,45,packaging,68.5892149829988,4,red,0.1,True,False
806,0,rest,28.74703576435436,2,green,5.0,False,False
806,15,hmi_supervision,38.79703576435436,2,orange,2.0,False,False
806,30,material_delivery,52.747035764354365,3,red,0.1,True,False
806,45,packaging,68.79703576435436,4,red,0.1,True,False
807,0,rest,27.432403683572904,2,green,5.0,False,False
807,15,hmi_supervision,37.482403683572905,2,orange,2.0,False,False
807,30,material_delivery,51.43240368357291,3,red,0.1,True,False
807,45,packaging,67.48240368357291,4,red,0.1,True,False
808,0,rest,27.7579901208684,2,green,5.0,False,False
808,15,hmi_supervision,37.807990120868396,2,orange,2.0,False,False
808,30,material_delivery,51.7579901208684,3,red,0.1,True,False
808,45,packaging,67.8079901208684,4,red,0.1,True,False
809,0,rest,27.811875237658715,2,green,5.0,False,False
809,15,hmi_supervision,37.861875237658715,2,orange,2.0,False,False
809,30,material_delivery,51.81187523765872,3,red,0.1,True,False
809,45,packaging,67.86187523765872,4,red,0.1,True,False
810,0,rest,28.341915829061207,2,green,5.0,False,False
810,15,hmi_supervision,38.391915829061205,2,orange,2.0,False,False
810,30,material_delivery,52.34191582906121,3,red,0.1,True,False
810,45,packaging,68.3919158290612,4,red,0.1,True,False
811,0,rest,29.623751758675812,2,green,5.0,False,False
811,15,hmi_supervision,39.67375175867581,2,orange,2.0,False,False
811,30,material_delivery,53.623751758675816,3,red,0.1,True,False
811,45,packaging,69.67375175867582,4,red,0.1,True,False
812,0,rest,27.517361327214893,2,green,5.0,False,False
812,15,hmi_supervision,37.5673613272149,2,orange,2.0,False,False
812,30,material_delivery,51.5173613272149,3,red,0.1,True,False
812,45,packaging,67.5673613272149,4,red,0.1,True,False
813,0,rest,28.69588009606093,2,green,5.0,False,False
813,15,hmi_supervision,38.74588009606093,2,orange,2.0,False,False
813,30,material_delivery,52.69588009606093,3,red,0.1,True,False
813,45,packaging,68.74588009606093,4,red,0.1,True,False
814,0,rest,29.146351319809398,2,green,5.0,False,False
814,15,hmi_supervision,39.196351319809395,2,orange,2.0,False,False
814,30,material_delivery,53.1463513198094,3,red,0.1,True,False
814,45,packaging,69.1963513198094,4,red,0.1,True,False
815,0,rest,28.380876817217217,2,green,5.0,False,False
815,15,hmi_supervision,38.43087681721722,2,orange,2.0,False,False
815,30,material_delivery,52.38087681721722,3,red,0.1,True,False
815,45,packaging,68.43087681721723,4,red,0.1,True,False
816,0,rest,27.726285452842838,2,green,5.0,False,False
816,15,hmi_supervision,37.77628545284284,2,orange,2.0,False,False
816,30,material_delivery,51.726285452842845,3,red,0.1,True,False
816,45,packaging,67.77628545284284,4,red,0.1,True,False
817,0,rest,27.370592749495746,2,green,5.0,False,False
817,15,hmi_supervision,37.420592749495746,2,orange,2.0,False,False
817,30,material_delivery,51.37059274949575,3,red,0.1,True,False
817,45,packaging,67.42059274949575,4,red,0.1,True,False
818,0,rest,27.216393104484226,2,green,5.0,False,False
818,15,hmi_supervision,37.26639310448422,2,orange,2.0,False,False
818,30,material_delivery,51.216393104484226,3,red,0.1,True,False
818,45,packaging,67.26639310448422,4,red,0.1,True,False
819,0,rest,26.525232557968,2,green,5.0,False,False
819,15,hmi_supervision,36.575232557968,2,orange,2.0,False,False
819,30,material_delivery,50.525232557968,3,red,0.1,True,False
819,45,packaging,66.57523255796801,4,red,0.1,True,False
820,0,rest,27.83405978231067,2,green,5.0,False,False
820,15,hmi_supervision,37.88405978231067,2,orange,2.0,False,False
820,30,material_delivery,51.834059782310675,3,red,0.1,True,False
820,45,packaging,67.88405978231067,4,red,0.1,True,False
821,0,rest,27.79239002508331,2,green,5.0,False,False
821,15,hmi_supervision,37.84239002508331,2,orange,2.0,False,False
821,30,material_delivery,51.792390025083314,3,red,0.1,True,False
821,45,packaging,67.84239002508332,4,red,0.1,True,False
822,0,rest,28.64535511626981,2,green,5.0,False,False
822,15,hmi_supervision,38.69535511626981,2,orange,2.0,False,False
822,30,material_delivery,52.64535511626981,3,red,0.1,True,False
822,45,packaging,68.69535511626981,4,red,0.1,True,False
823,0,rest,27.562691921073295,2,green,5.0,False,False
823,15,hmi_supervision,37.61269192107329,2,orange,2.0,False,False
823,30,material_delivery,51.562691921073295,3,red,0.1,True,False
823,45,packaging,67.61269192107329,4,red,0.1,True,False
824,0,rest,27.874658714660193,2,green,5.0,False,False
824,15,hmi_supervision,37.9246587146602,2,orange,2.0,False,False
824,30,material_delivery,51.8746587146602,3,red,0.1,True,False
824,45,packaging,67.9246587146602,4,red,0.1,True,False
825,0,rest,28.211934962866223,2,green,5.0,False,False
825,15,hmi_supervision,38.26193496286622,2,orange,2.0,False,False
825,30,material_delivery,52.21193496286622,3,red,0.1,True,False
825,45,packaging,68.26193496286622,4,red,0.1,True,False
826,0,rest,28.368231213728688,2,green,5.0,False,False
826,15,hmi_supervision,38.41823121372869,2,orange,2.0,False,False
826,30,material_delivery,52.36823121372869,3,red,0.1,True,False
826,45,packaging,68.41823121372869,4,red,0.1,True,False
827,0,rest,28.551158339537363,2,green,5.0,False,False
827,15,hmi_supervision,38.60115833953736,2,orange,2.0,False,False
827,30,material_delivery,52.551158339537366,3,red,0.1,True,False
827,45,packaging,68.60115833953736,4,red,0.1,True,False
828,0,rest,28.13576616902778,2,green,5.0,False,False
828,15,hmi_supervision,38.18576616902778,2,orange,2.0,False,False
828,30,material_delivery,52.13576616902778,3,red,0.1,True,False
828,45,packaging,68.18576616902779,4,red,0.1,True,False
829,0,rest,27.027376039033115,2,green,5.0,False,False
829,15,hmi_supervision,37.07737603903311,2,orange,2.0,False,False
829,30,material_delivery,51.027376039033115,3,red,0.1,True,False
829,45,packaging,67.07737603903311,4,red,0.1,True,False
830,0,rest,28.29976596381448,2,green,5.0,False,False
830,15,hmi_supervision,38.34976596381448,2,orange,2.0,False,False
830,30,material_delivery,52.29976596381448,3,red,0.1,True,False
830,45,packaging,68.34976596381448,4,red,0.1,True,False
831,0,rest,27.51148232965613,2,green,5.0,False,False
831,15,hmi_supervision,37.56148232965613,2,orange,2.0,False,False
831,30,material_delivery,51.51148232965613,3,red,0.1,True,False
831,45,packaging,67.56148232965613,4,red,0.1,True,False
832,0,rest,28.928712303575228,2,green,5.0,False,False
832,15,hmi_supervision,38.97871230357523,2,orange,2.0,False,False
832,30,material_delivery,52.92871230357523,3,red,0.1,True,False
832,45,packaging,68.97871230357524,4,red,0.1,True,False
833,0,rest,28.015953682552045,2,green,5.0,False,False
833,15,hmi_supervision,38.06595368255205,2,orange,2.0,False,False
833,30,material_delivery,52.01595368255205,3,red,0.1,True,False
833,45,packaging,68.06595368255205,4,red,0.1,True,False
834,0,rest,28.180564884616427,2,green,5.0,False,False
834,15,hmi_supervision,38.23056488461643,2,orange,2.0,False,False
834,30,material_delivery,52.18056488461643,3,red,0.1,True,False
834,45,packaging,68.23056488461643,4,red,0.1,True,False
835,0,rest,29.951262335635295,2,green,5.0,False,False
835,15,hmi_supervision,40.001262335635296,2,red,0.1,True,False
835,30,material_delivery,53.9512623356353,3,red,0.1,True,False
835,45,packaging,70.0012623356353,4,red,0.1,True,False
836,0,rest,28.5650062158284,2,green,5.0,False,False
836,15,hmi_supervision,38.6150062158284,2,orange,2.0,False,False
836,30,material_delivery,52.565006215828404,3,red,0.1,True,False
836,45,packaging,68.6150062158284,4,red,0.1,True,False
837,0,rest,28.285868788662082,2,green,5.0,False,False
837,15,hmi_supervision,38.33586878866208,2,orange,2.0,False,False
837,30,material_delivery,52.285868788662086,3,red,0.1,True,False
837,45,packaging,68.33586878866208,4,red,0.1,True,False
838,0,rest,27.89615801201217,2,green,5.0,False,False
838,15,hmi_supervision,37.94615801201217,2,orange,2.0,False,False
838,30,material_delivery,51.89615801201217,3,red,0.1,True,False
838,45,packaging,67.94615801201218,4,red,0.1,True,True
839,0,rest,27.081776322782975,2,green,5.0,False,False
839,15,hmi_supervision,37.131776322782976,2,orange,2.0,False,False
839,30,material_delivery,51.08177632278298,3,red,0.1,True,False
839,45,packaging,67.13177632278298,4,red,0.1,True,False
840,0,rest,27.84323255703548,2,green,5.0,False,False
840,15,hmi_supervision,37.89323255703548,2,orange,2.0,False,False
840,30,material_delivery,51.843232557035485,3,red,0.1,True,False
840,45,packaging,67.89323255703549,4,red,0.1,True,False
841,0,rest,27.362109659343027,2,green,5.0,False,False
841,15,hmi_supervision,37.41210965934303,2,orange,2.0,False,False
841,30,material_delivery,51.362109659343034,3,red,0.1,True,False
841,45,packaging,67.41210965934303,4,red,0.1,True,False
842,0,rest,29.252428378263556,2,green,5.0,False,False
842,15,hmi_supervision,39.302428378263556,2,orange,2.0,False,False
842,30,material_delivery,53.25242837826356,3,red,0.1,True,False
842,45,packaging,69.30242837826356,4,red,0.1,True,False
843,0,rest,28.296003647367236,2,green,5.0,False,False
843,15,hmi_supervision,38.34600364736724,2,orange,2.0,False,False
843,30,material_delivery,52.29600364736724,3,red,0.1,True,False
843,45,packaging,68.34600364736724,4,red,0.1,True,False
844,0,rest,28.89747361498424,2,green,5.0,False,False
844,15,hmi_supervision,38.94747361498424,2,orange,2.0,False,False
844,30,material_delivery,52.89747361498424,3,red,0.1,True,False
844,45,packaging,68.94747361498425,4,red,0.1,True,False
845,0,rest,27.542662821760462,2,green,5.0,False,False
845,15,hmi_supervision,37.59266282176046,2,orange,2.0,False,False
845,30,material_delivery,51.542662821760466,3,red,0.1,True,False
845,45,packaging,67.59266282176047,4,red,0.1,True,True
846,0,rest,27.411326265188322,2,green,5.0,False,False
846,15,hmi_supervision,37.46132626518832,2,orange,2.0,False,False
846,30,material_delivery,51.41132626518832,3,red,0.1,True,False
846,45,packaging,67.46132626518832,4,red,0.1,True,False
847,0,rest,28.486210325382896,2,green,5.0,False,False
847,15,hmi_supervision,38.536210325382896,2,orange,2.0,False,False
847,30,material_delivery,52.4862103253829,3,red,0.1,True,False
847,45,packaging,68.5362103253829,4,red,0.1,True,False
848,0,rest,27.334380866648424,2,green,5.0,False,False
848,15,hmi_supervision,37.38438086664843,2,orange,2.0,False,False
848,30,material_delivery,51.33438086664843,3,red,0.1,True,False
848,45,packaging,67.38438086664843,4,red,0.1,True,False
849,0,rest,27.671906274757443,2,green,5.0,False,False
849,15,hmi_supervision,37.721906274757444,2,orange,2.0,False,False
849,30,material_delivery,51.67190627475745,3,red,0.1,True,False
849,45,packaging,67.72190627475744,4,red,0.1,True,False
850,0,rest,29.295222888425055,2,green,5.0,False,False
850,15,hmi_supervision,39.345222888425056,2,orange,2.0,False,False
850,30,material_delivery,53.29522288842506,3,red,0.1,True,False
850,45,packaging,69.34522288842506,4,red,0.1,True,False
851,0,rest,27.70027286078905,2,green,5.0,False,False
851,15,hmi_supervision,37.75027286078905,2,orange,2.0,False,False
851,30,material_delivery,51.700272860789056,3,red,0.1,True,False
851,45,packaging,67.75027286078905,4,red,0.1,True,False
852,0,rest,26.936225700300227,2,green,5.0,False,False
852,15,hmi_supervision,36.986225700300224,2,orange,2.0,False,False
852,30,material_delivery,50.93622570030023,3,red,0.1,True,False
852,45,packaging,66.98622570030022,4,red,0.1,True,False
853,0,rest,26.67939339101442,2,green,5.0,False,False
853,15,hmi_supervision,36.72939339101442,2,orange,2.0,False,False
853,30,material_delivery,50.67939339101442,3,red,0.1,True,False
853,45,packaging,66.72939339101443,4,red,0.1,True,True
854,0,rest,26.85575776407243,2,green,5.0,False,False
854,15,hmi_supervision,36.90575776407243,2,orange,2.0,False,False
854,30,material_delivery,50.855757764072436,3,red,0.1,True,False
854,45,packaging,66.90575776407243,4,red,0.1,True,False
855,0,rest,28.946938077570387,2,green,5.0,False,False
855,15,hmi_supervision,38.99693807757039,2,orange,2.0,False,False
855,30,material_delivery,52.946938077570394,3,red,0.1,True,False
855,45,packaging,68.99693807757039,4,red,0.1,True,False
856,0,rest,27.586106390580664,2,green,5.0,False,False
856,15,hmi_supervision,37.636106390580665,2,orange,2.0,False,False
856,30,material_delivery,51.58610639058067,3,red,0.1,True,False
856,45,packaging,67.63610639058066,4,red,0.1,True,False
857,0,rest,29.91864946425119,2,green,5.0,False,False
857,15,hmi_supervision,39.968649464251186,2,orange,2.0,False,False
857,30,material_delivery,53.91864946425119,3,red,0.1,True,False
857,45,packaging,69.96864946425119,4,red,0.1,True,False
858,0,rest,29.156582464425906,2,green,5.0,False,False
858,15,hmi_supervision,39.20658246442591,2,orange,2.0,False,False
858,30,material_delivery,53.15658246442591,3,red,0.1,True,False
858,45,packaging,69.2065824644259,4,red,0.1,True,False
859,0,rest,29.50456966611934,2,green,5.0,False,False
859,15,hmi_supervision,39.55456966611934,2,orange,2.0,False,False
859,30,material_delivery,53.504569666119345,3,red,0.1,True,False
859,45,packaging,69.55456966611935,4,red,0.1,True,False
860,0,rest,28.768046894358598,2,green,5.0,False,False
860,15,hmi_supervision,38.8180468943586,2,orange,2.0,False,False
860,30,material_delivery,52.768046894358605,3,red,0.1,True,False
860,45,packaging,68.8180468943586,4,red,0.1,True,False
861,0,rest,28.444395211900886,2,green,5.0,False,False
861,15,hmi_supervision,38.49439521190089,2,orange,2.0,False,False
861,30,material_delivery,52.44439521190089,3,red,0.1,True,False
861,45,packaging,68.4943952119009,4,red,0.1,True,False
862,0,rest,27.38635083743327,2,green,5.0,False,False
862,15,hmi_supervision,37.43635083743327,2,orange,2.0,False,False
862,30,material_delivery,51.38635083743327,3,red,0.1,True,False
862,45,packaging,67.43635083743327,4,red,0.1,True,False
863,0,rest,27.997469156941786,2,green,5.0,False,False
863,15,hmi_supervision,38.04746915694179,2,orange,2.0,False,False
863,30,material_delivery,51.99746915694179,3,red,0.1,True,False
863,45,packaging,68.04746915694179,4,red,0.1,True,False
864,0,rest,28.522290585592536,2,green,5.0,False,False
864,15,hmi_supervision,38.57229058559254,2,orange,2.0,False,False
864,30,material_delivery,52.52229058559254,3,red,0.1,True,False
864,45,packaging,68.57229058559254,4,red,0.1,True,False
865,0,rest,28.716478906427884,2,green,5.0,False,False
865,15,hmi_supervision,38.766478906427885,2,orange,2.0,False,False
865,30,material_delivery,52.71647890642789,3,red,0.1,True,False
865,45,packaging,68.76647890642789,4,red,0.1,True,False
866,0,rest,27.143733164399872,2,green,5.0,False,False
866,15,hmi_supervision,37.19373316439987,2,orange,2.0,False,False
866,30,material_delivery,51.143733164399876,3,red,0.1,True,False
866,45,packaging,67.19373316439987,4,red,0.1,True,False
867,0,rest,27.85475540554021,2,green,5.0,False,False
867,15,hmi_supervision,37.904755405540214,2,orange,2.0,False,False
867,30,material_delivery,51.85475540554022,3,red,0.1,True,False
867,45,packaging,67.90475540554021,4,red,0.1,True,False
868,0,rest,27.937989485617976,2,green,5.0,False,False
868,15,hmi_supervision,37.98798948561797,2,orange,2.0,False,False
868,30,material_delivery,51.937989485617976,3,red,0.1,True,False
868,45,packaging,67.98798948561797,4,red,0.1,True,False
869,0,rest,27.908689368712537,2,green,5.0,False,False
869,15,hmi_supervision,37.95868936871254,2,orange,2.0,False,False
869,30,material_delivery,51.908689368712544,3,red,0.1,True,False
869,45,packaging,67.95868936871254,4,red,0.1,True,False
870,0,rest,27.231859881753095,2,green,5.0,False,False
870,15,hmi_supervision,37.28185988175309,2,orange,2.0,False,False
870,30,material_delivery,51.231859881753095,3,red,0.1,True,False
870,45,packaging,67.28185988175309,4,red,0.1,True,False
871,0,rest,29.39056942475064,2,green,5.0,False,False
871,15,hmi_supervision,39.44056942475064,2,orange,2.0,False,False
871,30,material_delivery,53.390569424750645,3,red,0.1,True,False
871,45,packaging,69.44056942475065,4,red,0.1,True,False
872,0,rest,27.830136925862625,2,green,5.0,False,False
872,15,hmi_supervision,37.88013692586263,2,orange,2.0,False,False
872,30,material_delivery,51.83013692586263,3,red,0.1,True,False
872,45,packaging,67.88013692586263,4,red,0.1,True,False
873,0,rest,27.28042057245739,2,green,5.0,False,False
873,15,hmi_supervision,37.33042057245739,2,orange,2.0,False,False
873,30,material_delivery,51.280420572457395,3,red,0.1,True,False
873,45,packaging,67.3304205724574,4,red,0.1,True,False
874,0,rest,29.413439729450957,2,green,5.0,False,False
874,15,hmi_supervision,39.463439729450954,2,orange,2.0,False,False
874,30,material_delivery,53.41343972945096,3,red,0.1,True,False
874,45,packaging,69.46343972945095,4,red,0.1,True,False
875,0,rest,29.157432646204143,2,green,5.0,False,False
875,15,hmi_supervision,39.20743264620414,2,orange,2.0,False,False
875,30,material_delivery,53.15743264620414,3,red,0.1,True,False
875,45,packaging,69.20743264620414,4,red,0.1,True,False
876,0,rest,28.105664685183402,2,green,5.0,False,False
876,15,hmi_supervision,38.1556646851834,2,orange,2.0,False,False
876,30,material_delivery,52.105664685183406,3,red,0.1,True,False
876,45,packaging,68.15566468518341,4,red,0.1,True,False
877,0,rest,26.673670475827862,2,green,5.0,False,False
877,15,hmi_supervision,36.72367047582786,2,orange,2.0,False,False
877,30,material_delivery,50.67367047582786,3,red,0.1,True,False
877,45,packaging,66.72367047582786,4,red,0.1,True,False
878,0,rest,27.65047262359882,2,green,5.0,False,False
878,15,hmi_supervision,37.70047262359882,2,orange,2.0,False,False
878,30,material_delivery,51.65047262359882,3,red,0.1,True,False
878,45,packaging,67.70047262359883,4,red,0.1,True,False
879,0,rest,26.803972699549902,2,green,5.0,False,False
879,15,hmi_supervision,36.8539726995499,2,orange,2.0,False,False
879,30,material_delivery,50.8039726995499,3,red,0.1,True,False
879,45,packaging,66.8539726995499,4,red,0.1,True,False
880,0,rest,28.385200079927287,2,green,5.0,False,False
880,15,hmi_supervision,38.435200079927284,2,orange,2.0,False,False
880,30,material_delivery,52.38520007992729,3,red,0.1,True,False
880,45,packaging,68.43520007992728,4,red,0.1,True,False
881,0,rest,27.600474370253565,2,green,5.0,False,False
881,15,hmi_supervision,37.65047437025356,2,orange,2.0,False,False
881,30,material_delivery,51.600474370253565,3,red,0.1,True,False
881,45,packaging,67.65047437025356,4,red,0.1,True,False
882,0,rest,27.979363821212022,2,green,5.0,False,False
882,15,hmi_supervision,38.02936382121202,2,orange,2.0,False,False
882,30,material_delivery,51.979363821212026,3,red,0.1,True,False
882,45,packaging,68.02936382121203,4,red,0.1,True,False
883,0,rest,29.329188697502307,2,green,5.0,False,False
883,15,hmi_supervision,39.37918869750231,2,orange,2.0,False,False
883,30,material_delivery,53.32918869750231,3,red,0.1,True,False
883,45,packaging,69.37918869750231,4,red,0.1,True,False
884,0,rest,27.548340954728666,2,green,5.0,False,False
884,15,hmi_supervision,37.59834095472867,2,orange,2.0,False,False
884,30,material_delivery,51.54834095472867,3,red,0.1,True,False
884,45,packaging,67.59834095472867,4,red,0.1,True,False
885,0,rest,28.351580692056267,2,green,5.0,False,False
885,15,hmi_supervision,38.40158069205627,2,orange,2.0,False,False
885,30,material_delivery,52.351580692056274,3,red,0.1,True,False
885,45,packaging,68.40158069205627,4,red,0.1,True,False
886,0,rest,28.57456020878852,2,green,5.0,False,False
886,15,hmi_supervision,38.62456020878852,2,orange,2.0,False,False
886,30,material_delivery,52.574560208788526,3,red,0.1,True,False
886,45,packaging,68.62456020878852,4,red,0.1,True,False
887,0,rest,28.92019991791323,2,green,5.0,False,False
887,15,hmi_supervision,38.970199917913234,2,orange,2.0,False,False
887,30,material_delivery,52.92019991791324,3,red,0.1,True,False
887,45,packaging,68.97019991791323,4,red,0.1,True,False
888,0,rest,27.924884442640035,2,green,5.0,False,False
888,15,hmi_supervision,37.97488444264003,2,orange,2.0,False,False
888,30,material_delivery,51.924884442640035,3,red,0.1,True,False
888,45,packaging,67.97488444264003,4,red,0.1,True,False
889,0,rest,27.847244687367276,2,green,5.0,False,False
889,15,hmi_supervision,37.89724468736728,2,orange,2.0,False,False
889,30,material_delivery,51.84724468736728,3,red,0.1,True,False
889,45,packaging,67.89724468736728,4,red,0.1,True,False
890,0,rest,27.830140831073855,2,green,5.0,False,False
890,15,hmi_supervision,37.88014083107386,2,orange,2.0,False,False
890,30,material_delivery,51.83014083107386,3,red,0.1,True,False
890,45,packaging,67.88014083107386,4,red,0.1,True,False
891,0,rest,28.275524130112135,2,green,5.0,False,False
891,15,hmi_supervision,38.325524130112136,2,orange,2.0,False,False
891,30,material_delivery,52.27552413011214,3,red,0.1,True,False
891,45,packaging,68.32552413011214,4,red,0.1,True,False
892,0,rest,29.119516426719642,2,green,5.0,False,False
892,15,hmi_supervision,39.16951642671964,2,orange,2.0,False,False
892,30,material_delivery,53.11951642671964,3,red,0.1,True,False
892,45,packaging,69.16951642671964,4,red,0.1,True,False
893,0,rest,27.796657299218072,2,green,5.0,False,False
893,15,hmi_supervision,37.84665729921807,2,orange,2.0,False,False
893,30,material_delivery,51.796657299218076,3,red,0.1,True,False
893,45,packaging,67.84665729921808,4,red,0.1,True,False
894,0,rest,26.181819804795293,2,green,5.0,False,False
894,15,hmi_supervision,36.23181980479529,2,orange,2.0,False,False
894,30,material_delivery,50.181819804795296,3,red,0.1,True,False
894,45,packaging,66.2318198047953,4,red,0.1,True,False
895,0,rest,28.663034047270788,2,green,5.0,False,False
895,15,hmi_supervision,38.71303404727079,2,orange,2.0,False,False
895,30,material_delivery,52.66303404727079,3,red,0.1,True,False
895,45,packaging,68.7130340472708,4,red,0.1,True,False
896,0,rest,28.050243037918655,2,green,5.0,False,False
896,15,hmi_supervision,38.10024303791866,2,orange,2.0,False,False
896,30,material_delivery,52.05024303791866,3,red,0.1,True,False
896,45,packaging,68.10024303791866,4,red,0.1,True,False
897,0,rest,28.386954413278076,2,green,5.0,False,False
897,15,hmi_supervision,38.43695441327807,2,orange,2.0,False,False
897,30,material_delivery,52.386954413278076,3,red,0.1,True,False
897,45,packaging,68.43695441327807,4,red,0.1,True,False
898,0,rest,26.828090607335092,2,green,5.0,False,False
898,15,hmi_supervision,36.878090607335096,2,orange,2.0,False,False
898,30,material_delivery,50.8280906073351,3,red,0.1,True,False
898,45,packaging,66.8780906073351,4,red,0.1,True,False
899,0,rest,27.60321049199028,2,green,5.0,False,False
899,15,hmi_supervision,37.65321049199028,2,orange,2.0,False,False
899,30,material_delivery,51.60321049199028,3,red,0.1,True,False
899,45,packaging,67.65321049199028,4,red,0.1,True,False
900,0,rest,28.59569850971637,2,green,5.0,False,False
900,15,hmi_supervision,38.64569850971637,2,orange,2.0,False,False
900,30,material_delivery,52.59569850971637,3,red,0.1,True,False
900,45,packaging,68.64569850971637,4,red,0.1,True,False
901,0,rest,27.059282932623063,2,green,5.0,False,False
901,15,hmi_supervision,37.10928293262306,2,orange,2.0,False,False
901,30,material_delivery,51.05928293262306,3,red,0.1,True,False
901,45,packaging,67.10928293262306,4,red,0.1,True,False
902,0,rest,28.349822486825143,2,green,5.0,False,False
902,15,hmi_supervision,38.399822486825144,2,orange,2.0,False,False
902,30,material_delivery,52.34982248682515,3,red,0.1,True,False
902,45,packaging,68.39982248682514,4,red,0.1,True,False
903,0,rest,27.973268888276888,2,green,5.0,False,False
903,15,hmi_supervision,38.02326888827689,2,orange,2.0,False,False
903,30,material_delivery,51.97326888827689,3,red,0.1,True,False
903,45,packaging,68.02326888827689,4,red,0.1,True,False
904,0,rest,27.449056317401464,2,green,5.0,False,False
904,15,hmi_supervision,37.49905631740147,2,orange,2.0,False,False
904,30,material_delivery,51.44905631740147,3,red,0.1,True,False
904,45,packaging,67.49905631740147,4,red,0.1,True,False
905,0,rest,27.392310672239216,2,green,5.0,False,False
905,15,hmi_supervision,37.442310672239216,2,orange,2.0,False,False
905,30,material_delivery,51.39231067223922,3,red,0.1,True,False
905,45,packaging,67.44231067223922,4,red,0.1,True,False
906,0,rest,27.238133635766204,2,green,5.0,False,False
906,15,hmi_supervision,37.2881336357662,2,orange,2.0,False,False
906,30,material_delivery,51.238133635766204,3,red,0.1,True,False
906,45,packaging,67.2881336357662,4,red,0.1,True,False
907,0,rest,28.04625988738598,2,green,5.0,False,False
907,15,hmi_supervision,38.09625988738598,2,orange,2.0,False,False
907,30,material_delivery,52.046259887385986,3,red,0.1,True,False
907,45,packaging,68.09625988738598,4,red,0.1,True,False
908,0,rest,28.13233116645792,2,green,5.0,False,False
908,15,hmi_supervision,38.18233116645792,2,orange,2.0,False,False
908,30,material_delivery,52.132331166457924,3,red,0.1,True,False
908,45,packaging,68.18233116645793,4,red,0.1,True,False
909,0,rest,27.72472912068751,2,green,5.0,False,False
909,15,hmi_supervision,37.77472912068751,2,orange,2.0,False,False
909,30,material_delivery,51.72472912068751,3,red,0.1,True,False
909,45,packaging,67.77472912068751,4,red,0.1,True,False
910,0,rest,27.195895741010794,2,green,5.0,False,False
910,15,hmi_supervision,37.2458957410108,2,orange,2.0,False,False
910,30,material_delivery,51.1958957410108,3,red,0.1,True,False
910,45,packaging,67.2458957410108,4,red,0.1,True,False
911,0,rest,25.808987137379045,2,green,5.0,False,False
911,15,hmi_supervision,35.858987137379046,2,orange,2.0,False,False
911,30,material_delivery,49.80898713737905,3,red,0.1,True,False
911,45,packaging,65.85898713737905,4,red,0.1,True,False
912,0,rest,28.32741985311825,2,green,5.0,False,False
912,15,hmi_supervision,38.377419853118255,2,orange,2.0,False,False
912,30,material_delivery,52.32741985311826,3,red,0.1,True,False
912,45,packaging,68.37741985311825,4,red,0.1,True,False
913,0,rest,28.677951130814648,2,green,5.0,False,False
913,15,hmi_supervision,38.727951130814645,2,orange,2.0,False,False
913,30,material_delivery,52.67795113081465,3,red,0.1,True,False
913,45,packaging,68.72795113081465,4,red,0.1,True,False
914,0,rest,28.464365695753898,2,green,5.0,False,False
914,15,hmi_supervision,38.514365695753895,2,orange,2.0,False,False
914,30,material_delivery,52.4643656957539,3,red,0.1,True,False
914,45,packaging,68.5143656957539,4,red,0.1,True,False
915,0,rest,29.543121602283776,2,green,5.0,False,False
915,15,hmi_supervision,39.59312160228377,2,orange,2.0,False,False
915,30,material_delivery,53.543121602283776,3,red,0.1,True,False
915,45,packaging,69.59312160228377,4,red,0.1,True,False
916,0,rest,27.86282766917137,2,green,5.0,False,False
916,15,hmi_supervision,37.91282766917137,2,orange,2.0,False,False
916,30,material_delivery,51.862827669171374,3,red,0.1,True,False
916,45,packaging,67.91282766917138,4,red,0.1,True,False
917,0,rest,29.03115731436114,2,green,5.0,False,False
917,15,hmi_supervision,39.081157314361135,2,orange,2.0,False,False
917,30,material_delivery,53.03115731436114,3,red,0.1,True,False
917,45,packaging,69.08115731436114,4,red,0.1,True,False
918,0,rest,27.5155268656566,2,green,5.0,False,False
918,15,hmi_supervision,37.5655268656566,2,orange,2.0,False,False
918,30,material_delivery,51.515526865656604,3,red,0.1,True,False
918,45,packaging,67.56552686565661,4,red,0.1,True,False
919,0,rest,27.40060599501231,2,green,5.0,False,False
919,15,hmi_supervision,37.45060599501231,2,orange,2.0,False,False
919,30,material_delivery,51.40060599501231,3,red,0.1,True,False
919,45,packaging,67.45060599501231,4,red,0.1,True,False
920,0,rest,28.092002736996097,2,green,5.0,False,False
920,15,hmi_supervision,38.1420027369961,2,orange,2.0,False,False
920,30,material_delivery,52.0920027369961,3,red,0.1,True,False
920,45,packaging,68.1420027369961,4,red,0.1,True,False
921,0,rest,29.21850884385217,2,green,5.0,False,False
921,15,hmi_supervision,39.268508843852175,2,orange,2.0,False,False
921,30,material_delivery,53.21850884385218,3,red,0.1,True,False
921,45,packaging,69.26850884385217,4,red,0.1,True,False
922,0,rest,27.781141548313343,2,green,5.0,False,False
922,15,hmi_supervision,37.83114154831334,2,orange,2.0,False,False
922,30,material_delivery,51.78114154831334,3,red,0.1,True,False
922,45,packaging,67.83114154831334,4,red,0.1,True,False
923,0,rest,26.82760689347751,2,green,5.0,False,False
923,15,hmi_supervision,36.877606893477505,2,orange,2.0,False,False
923,30,material_delivery,50.82760689347751,3,red,0.1,True,False
923,45,packaging,66.8776068934775,4,red,0.1,True,False
924,0,rest,28.66233233286037,2,green,5.0,False,False
924,15,hmi_supervision,38.71233233286037,2,orange,2.0,False,False
924,30,material_delivery,52.66233233286037,3,red,0.1,True,False
924,45,packaging,68.71233233286037,4,red,0.1,True,False
925,0,rest,27.941622102240398,2,green,5.0,False,False
925,15,hmi_supervision,37.9916221022404,2,orange,2.0,False,False
925,30,material_delivery,51.9416221022404,3,red,0.1,True,False
925,45,packaging,67.9916221022404,4,red,0.1,True,False
926,0,rest,28.224064681274264,2,green,5.0,False,False
926,15,hmi_supervision,38.27406468127427,2,orange,2.0,False,False
926,30,material_delivery,52.22406468127427,3,red,0.1,True,False
926,45,packaging,68.27406468127427,4,red,0.1,True,False
927,0,rest,27.436156712428613,2,green,5.0,False,False
927,15,hmi_supervision,37.48615671242861,2,orange,2.0,False,False
927,30,material_delivery,51.43615671242861,3,red,0.1,True,False
927,45,packaging,67.48615671242861,4,red,0.1,True,False
928,0,rest,28.084952807903324,2,green,5.0,False,False
928,15,hmi_supervision,38.134952807903325,2,orange,2.0,False,False
928,30,material_delivery,52.08495280790333,3,red,0.1,True,False
928,45,packaging,68.13495280790333,4,red,0.1,True,False
929,0,rest,26.921291516261974,2,green,5.0,False,False
929,15,hmi_supervision,36.97129151626197,2,orange,2.0,False,False
929,30,material_delivery,50.921291516261974,3,red,0.1,True,False
929,45,packaging,66.97129151626197,4,red,0.1,True,False
930,0,rest,29.40497333216316,2,green,5.0,False,False
930,15,hmi_supervision,39.45497333216316,2,orange,2.0,False,False
930,30,material_delivery,53.404973332163166,3,red,0.1,True,False
930,45,packaging,69.45497333216316,4,red,0.1,True,False
931,0,rest,28.810036049285987,2,green,5.0,False,False
931,15,hmi_supervision,38.86003604928599,2,orange,2.0,False,False
931,30,material_delivery,52.81003604928599,3,red,0.1,True,False
931,45,packaging,68.860036049286,4,red,0.1,True,False
932,0,rest,28.050891632895553,2,green,5.0,False,False
932,15,hmi_supervision,38.100891632895554,2,orange,2.0,False,False
932,30,material_delivery,52.050891632895556,3,red,0.1,True,False
932,45,packaging,68.10089163289555,4,red,0.1,True,False
933,0,rest,28.639580256341663,2,green,5.0,False,False
933,15,hmi_supervision,38.689580256341664,2,orange,2.0,False,False
933,30,material_delivery,52.63958025634167,3,red,0.1,True,False
933,45,packaging,68.68958025634167,4,red,0.1,True,False
934,0,rest,27.517337625761904,2,green,5.0,False,False
934,15,hmi_supervision,37.56733762576191,2,orange,2.0,False,False
934,30,material_delivery,51.51733762576191,3,red,0.1,True,False
934,45,packaging,67.56733762576191,4,red,0.1,True,False
935,0,rest,28.77247061318587,2,green,5.0,False,False
935,15,hmi_supervision,38.82247061318587,2,orange,2.0,False,False
935,30,material_delivery,52.772470613185874,3,red,0.1,True,False
935,45,packaging,68.82247061318587,4,red,0.1,True,False
936,0,rest,27.748918500920094,2,green,5.0,False,False
936,15,hmi_supervision,37.798918500920095,2,orange,2.0,False,False
936,30,material_delivery,51.7489185009201,3,red,0.1,True,False
936,45,packaging,67.7989185009201,4,red,0.1,True,False
937,0,rest,27.697263652568502,2,green,5.0,False,False
937,15,hmi_supervision,37.747263652568506,2,orange,2.0,False,False
937,30,material_delivery,51.69726365256851,3,red,0.1,True,False
937,45,packaging,67.7472636525685,4,red,0.1,True,False
938,0,rest,27.283658065487984,2,green,5.0,False,False
938,15,hmi_supervision,37.33365806548798,2,orange,2.0,False,False
938,30,material_delivery,51.283658065487984,3,red,0.1,True,False
938,45,packaging,67.33365806548798,4,red,0.1,True,False
939,0,rest,28.317699299195095,2,green,5.0,False,False
939,15,hmi_supervision,38.367699299195095,2,orange,2.0,False,False
939,30,material_delivery,52.3176992991951,3,red,0.1,True,False
939,45,packaging,68.3676992991951,4,red,0.1,True,False
940,0,rest,28.01816459250457,2,green,5.0,False,False
940,15,hmi_supervision,38.06816459250457,2,orange,2.0,False,False
940,30,material_delivery,52.018164592504576,3,red,0.1,True,False
940,45,packaging,68.06816459250457,4,red,0.1,True,False
941,0,rest,29.059165416561573,2,green,5.0,False,False
941,15,hmi_supervision,39.109165416561574,2,orange,2.0,False,False
941,30,material_delivery,53.05916541656158,3,red,0.1,True,False
941,45,packaging,69.10916541656158,4,red,0.1,True,False
942,0,rest,27.20320485388984,2,green,5.0,False,False
942,15,hmi_supervision,37.25320485388984,2,orange,2.0,False,False
942,30,material_delivery,51.203204853889844,3,red,0.1,True,False
942,45,packaging,67.25320485388984,4,red,0.1,True,False
943,0,rest,28.321230322905738,2,green,5.0,False,False
943,15,hmi_supervision,38.37123032290574,2,orange,2.0,False,False
943,30,material_delivery,52.32123032290574,3,red,0.1,True,False
943,45,packaging,68.37123032290575,4,red,0.1,True,False
944,0,rest,28.890539538673565,2,green,5.0,False,False
944,15,hmi_supervision,38.94053953867356,2,orange,2.0,False,False
944,30,material_delivery,52.890539538673565,3,red,0.1,True,False
944,45,packaging,68.94053953867356,4,red,0.1,True,False
945,0,rest,29.94217273151396,2,green,5.0,False,False
945,15,hmi_supervision,39.99217273151396,2,orange,2.0,False,False
945,30,material_delivery,53.94217273151396,3,red,0.1,True,False
945,45,packaging,69.99217273151396,4,red,0.1,True,False
946,0,rest,28.145788226183,2,green,5.0,False,False
946,15,hmi_supervision,38.195788226183,2,orange,2.0,False,False
946,30,material_delivery,52.145788226183,3,red,0.1,True,False
946,45,packaging,68.195788226183,4,red,0.1,True,False
947,0,rest,27.735125280391983,2,green,5.0,False,False
947,15,hmi_supervision,37.78512528039198,2,orange,2.0,False,False
947,30,material_delivery,51.73512528039198,3,red,0.1,True,False
947,45,packaging,67.78512528039198,4,red,0.1,True,False
948,0,rest,28.12634573220221,2,green,5.0,False,False
948,15,hmi_supervision,38.17634573220221,2,orange,2.0,False,False
948,30,material_delivery,52.12634573220221,3,red,0.1,True,False
948,45,packaging,68.17634573220221,4,red,0.1,True,False
949,0,rest,28.98819815170597,2,green,5.0,False,False
949,15,hmi_supervision,39.03819815170597,2,orange,2.0,False,False
949,30,material_delivery,52.98819815170597,3,red,0.1,True,False
949,45,packaging,69.03819815170597,4,red,0.1,True,False
950,0,rest,28.9878363005049,2,green,5.0,False,False
950,15,hmi_supervision,39.0378363005049,2,orange,2.0,False,False
950,30,material_delivery,52.9878363005049,3,red,0.1,True,False
950,45,packaging,69.0378363005049,4,red,0.1,True,False
951,0,rest,27.91144860475669,2,green,5.0,False,False
951,15,hmi_supervision,37.96144860475669,2,orange,2.0,False,False
951,30,material_delivery,51.91144860475669,3,red,0.1,True,False
951,45,packaging,67.9614486047567,4,red,0.1,True,False
952,0,rest,28.97274590992083,2,green,5.0,False,False
952,15,hmi_supervision,39.02274590992083,2,orange,2.0,False,False
952,30,material_delivery,52.97274590992083,3,red,0.1,True,False
952,45,packaging,69.02274590992083,4,red,0.1,True,False
953,0,rest,27.982848953275838,2,green,5.0,False,False
953,15,hmi_supervision,38.03284895327584,2,orange,2.0,False,False
953,30,material_delivery,51.98284895327584,3,red,0.1,True,False
953,45,packaging,68.03284895327585,4,red,0.1,True,False
954,0,rest,28.630465019878415,2,green,5.0,False,False
954,15,hmi_supervision,38.68046501987841,2,orange,2.0,False,False
954,30,material_delivery,52.630465019878415,3,red,0.1,True,False
954,45,packaging,68.68046501987841,4,red,0.1,True,False
955,0,rest,28.410050176151035,2,green,5.0,False,False
955,15,hmi_supervision,38.460050176151036,2,orange,2.0,False,False
955,30,material_delivery,52.41005017615104,3,red,0.1,True,False
955,45,packaging,68.46005017615104,4,red,0.1,True,False
956,0,rest,27.706181388217132,2,green,5.0,False,False
956,15,hmi_supervision,37.75618138821713,2,orange,2.0,False,False
956,30,material_delivery,51.70618138821713,3,red,0.1,True,False
956,45,packaging,67.75618138821713,4,red,0.1,True,False
957,0,rest,27.308192361626123,2,green,5.0,False,False
957,15,hmi_supervision,37.358192361626124,2,orange,2.0,False,False
957,30,material_delivery,51.308192361626126,3,red,0.1,True,False
957,45,packaging,67.35819236162612,4,red,0.1,True,False
958,0,rest,28.912868890619123,2,green,5.0,False,False
958,15,hmi_supervision,38.96286889061912,2,orange,2.0,False,False
958,30,material_delivery,52.91286889061912,3,red,0.1,True,False
958,45,packaging,68.96286889061912,4,red,0.1,True,False
959,0,rest,29.140987038941837,2,green,5.0,False,False
959,15,hmi_supervision,39.19098703894184,2,orange,2.0,False,False
959,30,material_delivery,53.140987038941844,3,red,0.1,True,False
959,45,packaging,69.19098703894184,4,red,0.1,True,False
960,0,rest,28.302797567752457,2,green,5.0,False,False
960,15,hmi_supervision,38.35279756775246,2,orange,2.0,False,False
960,30,material_delivery,52.302797567752464,3,red,0.1,True,False
960,45,packaging,68.35279756775246,4,red,0.1,True,False
961,0,rest,27.981853295206815,2,green,5.0,False,False
961,15,hmi_supervision,38.031853295206815,2,orange,2.0,False,False
961,30,material_delivery,51.98185329520682,3,red,0.1,True,False
961,45,packaging,68.03185329520682,4,red,0.1,True,False
962,0,rest,27.115720156630147,2,green,5.0,False,False
962,15,hmi_supervision,37.165720156630144,2,orange,2.0,False,False
962,30,material_delivery,51.11572015663015,3,red,0.1,True,False
962,45,packaging,67.16572015663014,4,red,0.1,True,False
963,0,rest,28.890759541346174,2,green,5.0,False,False
963,15,hmi_supervision,38.940759541346175,2,orange,2.0,False,False
963,30,material_delivery,52.89075954134618,3,red,0.1,True,False
963,45,packaging,68.94075954134618,4,red,0.1,True,False
964,0,rest,28.212465903659606,2,green,5.0,False,False
964,15,hmi_supervision,38.2624659036596,2,orange,2.0,False,False
964,30,material_delivery,52.212465903659606,3,red,0.1,True,False
964,45,packaging,68.2624659036596,4,red,0.1,True,False
965,0,rest,27.805821269721942,2,green,5.0,False,False
965,15,hmi_supervision,37.85582126972194,2,orange,2.0,False,False
965,30,material_delivery,51.805821269721946,3,red,0.1,True,False
965,45,packaging,67.85582126972194,4,red,0.1,True,False
966,0,rest,28.65347297309293,2,green,5.0,False,False
966,15,hmi_supervision,38.70347297309293,2,orange,2.0,False,False
966,30,material_delivery,52.65347297309293,3,red,0.1,True,False
966,45,packaging,68.70347297309293,4,red,0.1,True,False
967,0,rest,26.99051523981494,2,green,5.0,False,False
967,15,hmi_supervision,37.04051523981494,2,orange,2.0,False,False
967,30,material_delivery,50.99051523981494,3,red,0.1,True,False
967,45,packaging,67.04051523981494,4,red,0.1,True,False
968,0,rest,27.24975150654582,2,green,5.0,False,False
968,15,hmi_supervision,37.29975150654582,2,orange,2.0,False,False
968,30,material_delivery,51.24975150654582,3,red,0.1,True,False
968,45,packaging,67.29975150654582,4,red,0.1,True,False
969,0,rest,27.49169127210636,2,green,5.0,False,False
969,15,hmi_supervision,37.54169127210636,2,orange,2.0,False,False
969,30,material_delivery,51.491691272106365,3,red,0.1,True,False
969,45,packaging,67.54169127210636,4,red,0.1,True,False
970,0,rest,28.385430887244187,2,green,5.0,False,False
970,15,hmi_supervision,38.43543088724419,2,orange,2.0,False,False
970,30,material_delivery,52.38543088724419,3,red,0.1,True,False
970,45,packaging,68.4354308872442,4,red,0.1,True,False
971,0,rest,28.1346863364547,2,green,5.0,False,False
971,15,hmi_supervision,38.1846863364547,2,orange,2.0,False,False
971,30,material_delivery,52.134686336454706,3,red,0.1,True,False
971,45,packaging,68.1846863364547,4,red,0.1,True,False
972,0,rest,28.476041101421327,2,green,5.0,False,False
972,15,hmi_supervision,38.52604110142133,2,orange,2.0,False,False
972,30,material_delivery,52.47604110142133,3,red,0.1,True,False
972,45,packaging,68.52604110142133,4,red,0.1,True,False
973,0,rest,28.832274881467168,2,green,5.0,False,False
973,15,hmi_supervision,38.88227488146717,2,orange,2.0,False,False
973,30,material_delivery,52.83227488146717,3,red,0.1,True,False
973,45,packaging,68.88227488146717,4,red,0.1,True,False
974,0,rest,28.50443027590205,2,green,5.0,False,False
974,15,hmi_supervision,38.55443027590205,2,orange,2.0,False,False
974,30,material_delivery,52.50443027590205,3,red,0.1,True,False
974,45,packaging,68.55443027590205,4,red,0.1,True,False
975,0,rest,29.42491145117141,2,green,5.0,False,False
975,15,hmi_supervision,39.47491145117141,2,orange,2.0,False,False
975,30,material_delivery,53.42491145117141,3,red,0.1,True,False
975,45,packaging,69.47491145117141,4,red,0.1,True,False
976,0,rest,28.83031050196523,2,green,5.0,False,False
976,15,hmi_supervision,38.880310501965226,2,orange,2.0,False,False
976,30,material_delivery,52.83031050196523,3,red,0.1,True,False
976,45,packaging,68.88031050196523,4,red,0.1,True,False
977,0,rest,27.9097141270348,2,green,5.0,False,False
977,15,hmi_supervision,37.9597141270348,2,orange,2.0,False,False
977,30,material_delivery,51.9097141270348,3,red,0.1,True,False
977,45,packaging,67.9597141270348,4,red,0.1,True,False
978,0,rest,27.598503860534557,2,green,5.0,False,False
978,15,hmi_supervision,37.64850386053456,2,orange,2.0,False,False
978,30,material_delivery,51.598503860534564,3,red,0.1,True,False
978,45,packaging,67.64850386053456,4,red,0.1,True,False
979,0,rest,27.93210003827188,2,green,5.0,False,False
979,15,hmi_supervision,37.98210003827188,2,orange,2.0,False,False
979,30,material_delivery,51.932100038271884,3,red,0.1,True,False
979,45,packaging,67.98210003827188,4,red,0.1,True,False
980,0,rest,28.53208886285428,2,green,5.0,False,False
980,15,hmi_supervision,38.58208886285428,2,orange,2.0,False,False
980,30,material_delivery,52.53208886285428,3,red,0.1,True,False
980,45,packaging,68.58208886285428,4,red,0.1,True,False
981,0,rest,27.673385222072618,2,green,5.0,False,False
981,15,hmi_supervision,37.72338522207262,2,orange,2.0,False,False
981,30,material_delivery,51.673385222072625,3,red,0.1,True,False
981,45,packaging,67.72338522207262,4,red,0.1,True,False
982,0,rest,28.554107860665628,2,green,5.0,False,False
982,15,hmi_supervision,38.60410786066563,2,orange,2.0,False,False
982,30,material_delivery,52.55410786066563,3,red,0.1,True,False
982,45,packaging,68.60410786066564,4,red,0.1,True,False
983,0,rest,28.46152561300979,2,green,5.0,False,False
983,15,hmi_supervision,38.511525613009795,2,orange,2.0,False,False
983,30,material_delivery,52.4615256130098,3,red,0.1,True,False
983,45,packaging,68.5115256130098,4,red,0.1,True,False
984,0,rest,27.298420973466552,2,green,5.0,False,False
984,15,hmi_supervision,37.34842097346655,2,orange,2.0,False,False
984,30,material_delivery,51.298420973466555,3,red,0.1,True,False
984,45,packaging,67.34842097346656,4,red,0.1,True,False
985,0,rest,28.814486587131274,2,green,5.0,False,False
985,15,hmi_supervision,38.864486587131275,2,orange,2.0,False,False
985,30,material_delivery,52.81448658713128,3,red,0.1,True,False
985,45,packaging,68.86448658713128,4,red,0.1,True,False
986,0,rest,28.275465485051004,2,green,5.0,False,False
986,15,hmi_supervision,38.325465485051005,2,orange,2.0,False,False
986,30,material_delivery,52.27546548505101,3,red,0.1,True,False
986,45,packaging,68.32546548505101,4,red,0.1,True,False
987,0,rest,29.37863775759634,2,green,5.0,False,False
987,15,hmi_supervision,39.42863775759634,2,orange,2.0,False,False
987,30,material_delivery,53.378637757596344,3,red,0.1,True,False
987,45,packaging,69.42863775759635,4,red,0.1,True,False
988,0,rest,27.9854352955842,2,green,5.0,False,False
988,15,hmi_supervision,38.0354352955842,2,orange,2.0,False,False
988,30,material_delivery,51.9854352955842,3,red,0.1,True,False
988,45,packaging,68.03543529558421,4,red,0.1,True,False
989,0,rest,27.772615162874292,2,green,5.0,False,False
989,15,hmi_supervision,37.82261516287429,2,orange,2.0,False,False
989,30,material_delivery,51.772615162874295,3,red,0.1,True,False
989,45,packaging,67.8226151628743,4,red,0.1,True,False
990,0,rest,27.209738185640234,2,green,5.0,False,False
990,15,hmi_supervision,37.25973818564023,2,orange,2.0,False,False
990,30,material_delivery,51.209738185640234,3,red,0.1,True,False
990,45,packaging,67.25973818564023,4,red,0.1,True,False
991,0,rest,27.199147808815606,2,green,5.0,False,False
991,15,hmi_supervision,37.24914780881561,2,orange,2.0,False,False
991,30,material_delivery,51.19914780881561,3,red,0.1,True,False
991,45,packaging,67.24914780881561,4,red,0.1,True,False
992,0,rest,28.71273069398018,2,green,5.0,False,False
992,15,hmi_supervision,38.76273069398018,2,orange,2.0,False,False
992,30,material_delivery,52.712730693980184,3,red,0.1,True,False
992,45,packaging,68.76273069398019,4,red,0.1,True,False
993,0,rest,29.282960029436445,2,green,5.0,False,False
993,15,hmi_supervision,39.33296002943645,2,orange,2.0,False,False
993,30,material_delivery,53.28296002943645,3,red,0.1,True,False
993,45,packaging,69.33296002943645,4,red,0.1,True,False
994,0,rest,27.921663086096896,2,green,5.0,False,False
994,15,hmi_supervision,37.971663086096896,2,orange,2.0,False,False
994,30,material_delivery,51.9216630860969,3,red,0.1,True,False
994,45,packaging,67.9716630860969,4,red,0.1,True,False
995,0,rest,27.87338370760749,2,green,5.0,False,False
995,15,hmi_supervision,37.92338370760749,2,orange,2.0,False,False
995,30,material_delivery,51.873383707607495,3,red,0.1,True,False
995,45,packaging,67.9233837076075,4,red,0.1,True,False
996,0,rest,28.052539122334885,2,green,5.0,False,False
996,15,hmi_supervision,38.10253912233489,2,orange,2.0,False,False
996,30,material_delivery,52.05253912233489,3,red,0.1,True,False
996,45,packaging,68.10253912233489,4,red,0.1,True,False
997,0,rest,28.871408726956144,2,green,5.0,False,False
997,15,hmi_supervision,38.921408726956145,2,orange,2.0,False,False
997,30,material_delivery,52.87140872695615,3,red,0.1,True,False
997,45,packaging,68.92140872695614,4,red,0.1,True,False
998,0,rest,27.30448514935707,2,green,5.0,False,False
998,15,hmi_supervision,37.354485149357075,2,orange,2.0,False,False
998,30,material_delivery,51.30448514935708,3,red,0.1,True,False
998,45,packaging,67.35448514935707,4,red,0.1,True,False
999,0,rest,28.178776737051088,2,green,5.0,False,False
999,15,hmi_supervision,38.22877673705109,2,orange,2.0,False,False
999,30,material_delivery,52.178776737051095,3,red,0.1,True,False
999,45,packaging,68.22877673705109,4,red,0.1,True,False
